N,P,K,temperature,humidity,ph,rainfall,crop
84.97,46.89,43.24,27.31,80.83,6.31,269.48,Rice
87.67,44.24,42.71,22.34,79.67,6.5,182.17,Rice
62.75,43.5,34.94,24.29,77.46,5.84,266.64,Rice
77.74,48.54,32.88,22.14,82.55,5.94,239.39,Rice
73.99,45.67,36.99,28.13,81.93,5.98,250.56,Rice
67.79,49.67,30.2,20.18,82.98,6.7,234.28,Rice
78.84,45.59,32.61,21.7,79.7,6.82,238.59,Rice
62.37,50.59,38.07,21.81,85.06,6.81,253.28,Rice
71.61,45.53,41.66,25.94,79.6,6.33,202.34,Rice
68.04,54.5,46.78,23.32,87.02,6.54,213.87,Rice
83.61,60.3,39.82,27.41,68.9,6.73,232.18,Rice
77.01,48.73,30.06,22.95,83.79,6.99,217.04,Rice
71.92,43.99,44.58,24.32,79.35,6.61,232.43,Rice
89.69,42.38,38.36,22.52,74.68,6.52,236.53,Rice
80.05,46.12,32.92,22.45,80.29,6.08,225.97,Rice
84.04,63.09,40.87,24.14,81.63,5.63,229.34,Rice
80.6,67.71,39.04,24.25,81.83,5.93,258.57,Rice
87.52,54.33,35.45,27.01,74.99,6.63,284.76,Rice
70.09,43.47,40.5,22.24,74.25,6.43,203.44,Rice
84.74,40.64,47.75,21.54,80.39,6.73,199.23,Rice
82.27,58.46,31.96,23.96,83.3,6.71,199.08,Rice
66.8,52.18,41.48,24.13,83.73,6.13,235.81,Rice
82.93,42.29,49.33,24.68,76.04,6.66,205.63,Rice
87.87,57.27,35.9,25.91,84.06,6.73,277.42,Rice
77.55,41.97,35.55,21.46,81.61,6.54,236.92,Rice
88.27,48.1,47.27,22.84,95.6,6.65,208.57,Rice
69.29,51.86,38.88,25.29,84.37,6.37,208.83,Rice
64.85,44.43,44.28,24.04,75.77,6.47,239.63,Rice
71.16,49.23,40.29,20.64,83.79,6.62,257.08,Rice
90.54,36.98,35.31,24.79,84.57,6.61,326.32,Rice
85.71,57.08,44.77,25.13,80.42,6.7,210.68,Rice
77.63,44.12,40.41,29.29,72.66,6.67,189.68,Rice
75.28,56.71,40.32,20.81,78.42,6.67,211.74,Rice
82.16,48.36,36.74,28.86,85.17,5.59,234.66,Rice
73.38,54.82,36.04,23.21,84.52,6.75,199.99,Rice
76.65,44.2,36.73,27.91,84.02,5.9,252.95,Rice
101.22,56.26,32.4,22.29,88.33,6.12,241.1,Rice
87.75,40.58,39.7,15.4,76.88,6.3,198.81,Rice
96.32,36.56,37.8,23.83,89.21,5.83,259.08,Rice
80.1,40.15,42.31,24.0,79.0,6.43,220.37,Rice
81.14,53.3,47.93,20.41,92.67,5.62,226.21,Rice
85.88,50.25,36.89,22.98,79.53,6.16,251.24,Rice
83.57,42.46,44.5,24.27,86.06,6.65,209.28,Rice
74.4,53.98,43.05,23.45,82.59,6.91,215.21,Rice
85.47,46.38,38.91,26.25,86.13,6.73,262.64,Rice
80.21,53.46,38.45,24.31,81.35,6.44,244.88,Rice
71.82,64.74,34.97,20.46,87.79,6.72,245.6,Rice
86.28,47.9,35.51,23.69,78.61,6.79,226.32,Rice
71.75,45.43,42.06,22.09,77.89,6.5,236.12,Rice
74.93,44.23,41.16,19.88,74.96,6.11,224.66,Rice
83.11,59.8,44.29,23.1,81.9,6.0,229.54,Rice
77.11,50.58,35.86,24.8,89.66,6.36,240.04,Rice
86.9,44.79,41.12,23.53,82.49,6.09,230.61,Rice
84.98,59.61,44.8,28.88,78.16,6.75,234.58,Rice
101.9,41.53,35.8,22.0,71.38,6.19,211.02,Rice
81.5,50.73,49.38,25.88,79.12,6.04,242.3,Rice
66.8,62.65,45.9,22.33,73.43,6.94,227.14,Rice
92.38,35.24,37.0,23.51,82.23,6.22,245.57,Rice
69.32,46.86,40.6,24.79,85.56,5.95,191.65,Rice
92.78,50.66,36.26,27.38,82.58,6.87,231.69,Rice
100.61,62.04,38.76,25.93,85.23,6.95,205.88,Rice
86.86,56.47,31.21,20.54,71.8,6.29,247.94,Rice
95.02,48.59,48.14,20.05,73.48,6.38,239.6,Rice
79.67,31.46,39.55,20.24,85.35,6.55,206.5,Rice
74.86,39.53,39.69,25.89,77.07,6.6,216.74,Rice
72.07,47.14,34.82,22.12,76.01,7.19,230.88,Rice
73.0,49.71,39.44,22.95,85.07,6.7,216.74,Rice
74.24,45.8,28.49,19.71,88.83,7.06,223.77,Rice
85.77,50.49,55.39,26.3,81.36,6.02,189.84,Rice
82.03,41.95,32.89,21.88,76.59,7.07,252.04,Rice
79.92,59.84,40.39,21.35,89.62,6.62,204.07,Rice
78.1,41.0,33.09,25.82,91.55,5.84,244.07,Rice
73.49,44.1,37.04,21.34,82.24,6.07,236.76,Rice
79.5,46.09,35.46,22.06,85.78,6.6,205.56,Rice
80.99,54.01,31.65,24.86,78.69,6.63,210.92,Rice
61.95,34.98,40.24,24.15,77.48,6.66,188.46,Rice
79.34,38.31,36.74,23.62,77.7,6.25,255.16,Rice
74.23,54.69,34.35,24.82,89.21,5.41,210.08,Rice
85.77,46.38,41.86,21.99,82.43,6.34,259.19,Rice
82.54,50.7,37.94,22.28,79.84,6.56,219.48,Rice
82.9,64.6,44.36,22.68,88.01,6.24,179.05,Rice
69.92,33.03,38.24,23.55,90.38,6.53,224.52,Rice
88.29,30.31,41.18,25.43,74.61,6.86,238.46,Rice
75.85,53.06,51.35,23.95,83.24,6.22,208.75,Rice
88.3,41.15,40.36,22.31,84.39,6.53,255.94,Rice
74.9,45.84,35.11,22.39,83.89,6.7,206.95,Rice
88.7,58.85,42.07,28.19,78.13,5.9,185.53,Rice
94.96,53.23,39.72,24.2,76.37,7.38,233.23,Rice
81.09,53.81,42.41,24.06,78.05,6.59,277.05,Rice
93.45,60.75,37.44,21.03,81.37,6.42,257.35,Rice
63.08,60.24,39.21,22.43,76.94,5.74,250.58,Rice
80.73,37.68,33.52,22.66,90.35,6.3,192.42,Rice
77.54,45.82,26.52,23.36,80.85,6.68,276.22,Rice
91.27,45.85,34.47,29.93,82.3,6.41,229.4,Rice
81.98,46.85,37.13,22.13,81.84,6.18,212.18,Rice
81.06,45.96,47.52,16.87,87.46,6.9,178.17,Rice
76.57,45.03,32.96,21.56,76.45,7.1,253.39,Rice
92.72,53.77,34.35,22.19,84.45,5.91,247.82,Rice
77.6,45.0,43.55,24.61,80.2,6.86,202.97,Rice
86.16,52.74,38.45,24.32,75.74,6.77,225.38,Rice
74.77,56.39,36.48,19.98,74.22,6.64,197.99,Rice
97.55,31.34,48.48,24.03,81.52,6.18,239.98,Rice
79.62,56.83,40.57,23.88,80.18,6.38,237.7,Rice
62.9,37.21,43.72,23.93,81.08,6.41,238.69,Rice
74.6,41.77,40.98,21.05,84.04,5.72,255.73,Rice
84.73,50.05,44.91,27.66,87.07,5.66,198.01,Rice
73.75,48.21,42.59,21.69,82.93,6.1,214.71,Rice
65.93,40.61,33.24,21.06,87.27,6.02,295.81,Rice
84.93,49.48,35.71,25.25,79.12,6.45,294.0,Rice
79.04,57.19,36.48,23.41,90.85,6.15,275.31,Rice
87.08,43.5,43.16,25.93,85.11,5.77,211.82,Rice
77.52,47.4,43.1,23.94,75.32,6.55,245.26,Rice
85.6,56.65,44.17,24.65,81.65,5.74,240.74,Rice
82.08,50.17,33.62,20.8,87.27,6.38,247.04,Rice
80.28,48.24,44.69,22.21,82.48,6.22,219.14,Rice
76.91,49.78,37.61,26.64,77.53,6.33,219.01,Rice
94.47,49.57,45.16,19.79,83.34,6.76,232.06,Rice
90.65,43.86,47.05,29.25,80.19,6.22,266.33,Rice
95.8,43.82,37.9,22.8,75.28,6.03,204.9,Rice
72.32,47.72,41.17,27.38,77.01,6.79,224.65,Rice
79.51,53.4,34.39,24.46,82.83,6.6,237.23,Rice
104.55,42.9,37.35,21.94,79.22,6.15,259.73,Rice
94.21,43.43,35.84,24.68,79.24,6.65,235.07,Rice
64.84,60.38,48.98,21.97,80.06,6.51,238.36,Rice
86.59,64.08,39.12,21.5,75.1,6.11,229.17,Rice
97.95,43.86,41.12,23.46,87.94,7.41,216.73,Rice
75.11,56.35,43.41,28.12,84.92,6.26,244.77,Rice
91.09,54.56,42.54,26.17,87.85,6.95,246.22,Rice
78.33,49.17,46.03,21.46,83.84,6.24,230.72,Rice
92.78,49.53,40.23,20.1,85.73,6.66,284.08,Rice
76.92,49.75,41.25,27.44,81.52,6.51,245.2,Rice
81.87,44.43,40.97,26.18,76.87,6.45,212.5,Rice
91.95,35.81,37.21,24.44,89.83,6.37,216.12,Rice
98.81,36.42,29.01,24.6,79.49,5.99,247.71,Rice
82.44,43.49,33.6,25.68,85.25,6.36,276.17,Rice
69.3,35.8,36.54,23.39,83.22,6.3,238.8,Rice
67.48,59.55,39.59,26.29,83.71,6.58,244.24,Rice
84.48,53.14,46.65,23.99,85.55,6.36,266.0,Rice
73.24,62.41,39.8,19.92,82.64,6.13,251.02,Rice
73.47,44.43,30.55,22.37,69.88,5.77,249.01,Rice
87.86,51.4,35.17,23.38,81.98,5.94,267.58,Rice
88.77,46.23,40.13,24.02,71.79,6.3,212.95,Rice
69.98,45.75,48.99,25.1,79.14,6.63,264.98,Rice
89.25,48.48,36.77,25.25,83.97,6.76,245.88,Rice
90.5,43.72,46.59,23.99,92.38,6.12,273.4,Rice
81.98,42.79,37.58,22.7,84.12,6.61,215.66,Rice
79.76,65.14,48.64,24.59,82.19,6.45,245.34,Rice
69.77,45.94,31.66,24.5,85.24,6.21,269.35,Rice
67.74,36.29,41.12,26.12,90.42,6.22,256.97,Rice
79.61,46.62,44.42,25.13,74.12,6.99,264.5,Rice
73.74,51.17,42.47,24.15,79.25,6.13,229.36,Rice
91.73,52.35,38.15,25.43,67.76,6.86,186.51,Rice
76.38,39.04,33.53,26.4,79.66,6.54,228.83,Rice
84.77,48.61,33.59,25.99,79.53,5.78,219.3,Rice
95.01,54.8,38.26,22.63,80.39,7.23,239.55,Rice
84.3,56.24,41.19,22.85,81.02,6.37,229.07,Rice
87.28,48.42,43.66,23.3,82.39,5.6,252.91,Rice
83.46,55.98,25.52,28.72,81.3,6.84,204.0,Rice
86.13,39.57,36.88,28.29,81.05,6.49,251.75,Rice
84.96,49.2,41.82,29.51,81.71,6.48,256.27,Rice
91.06,57.5,43.19,20.64,90.17,5.94,237.57,Rice
72.46,47.49,41.64,24.3,84.11,7.05,241.34,Rice
77.56,55.71,45.95,20.43,84.99,6.68,222.56,Rice
93.76,46.8,40.63,23.07,82.08,5.96,194.0,Rice
95.95,41.22,35.04,18.12,78.81,5.87,271.05,Rice
90.1,42.49,51.26,25.95,80.38,5.4,287.27,Rice
66.1,34.84,45.11,29.6,88.92,6.63,244.87,Rice
88.53,54.07,41.41,23.76,81.69,6.1,222.98,Rice
63.07,47.21,35.06,20.74,82.9,6.96,252.96,Rice
64.29,40.08,44.7,21.04,80.88,6.62,205.79,Rice
81.05,37.33,36.99,24.3,74.04,6.58,229.51,Rice
85.52,49.79,46.82,23.81,79.85,6.45,243.58,Rice
80.49,48.32,36.49,21.84,74.99,7.1,198.9,Rice
73.07,42.25,44.47,22.76,88.24,6.13,236.97,Rice
71.65,65.16,34.06,24.27,85.17,6.57,225.37,Rice
78.7,48.35,39.26,25.91,93.05,6.18,195.75,Rice
79.12,68.64,35.98,27.6,90.39,6.18,244.22,Rice
96.28,44.97,38.98,22.05,76.93,6.14,199.4,Rice
80.34,41.84,41.17,19.61,83.65,6.73,180.16,Rice
83.74,57.82,33.95,27.68,84.1,6.12,228.61,Rice
85.58,48.61,42.69,21.2,82.85,5.83,227.22,Rice
70.96,42.12,46.18,26.23,85.05,5.96,222.09,Rice
92.13,49.13,51.6,24.48,82.96,6.28,233.34,Rice
78.48,53.66,44.78,21.54,75.34,5.67,242.7,Rice
68.97,30.78,41.94,29.73,81.97,6.74,232.05,Rice
79.01,55.35,38.55,24.17,83.61,6.13,254.8,Rice
78.25,41.95,42.68,21.25,82.14,6.4,257.15,Rice
84.75,47.8,44.09,26.98,84.79,6.4,197.2,Rice
69.35,45.56,36.95,23.03,82.28,6.61,228.24,Rice
84.87,48.52,30.12,21.15,81.28,5.92,245.0,Rice
95.31,57.75,38.93,27.23,82.74,6.27,214.66,Rice
76.98,44.89,40.85,23.9,82.02,6.57,259.77,Rice
89.5,36.12,27.23,25.84,75.17,6.31,200.75,Rice
61.98,52.33,43.8,22.06,69.04,6.18,239.8,Rice
65.21,49.47,39.92,24.95,82.6,6.01,259.91,Rice
78.41,47.78,35.33,22.39,77.58,6.33,272.79,Rice
66.28,35.09,47.36,22.98,78.65,6.82,214.86,Rice
98.26,53.42,37.56,28.89,78.97,6.7,237.48,Rice
93.02,60.49,40.16,21.62,84.3,6.13,280.33,Rice
81.37,45.08,40.92,20.13,77.14,6.88,213.58,Rice
65.44,52.83,24.74,24.16,72.97,5.92,63.67,Maize
96.02,45.1,19.0,25.98,69.45,6.53,117.48,Maize
70.28,56.35,20.23,22.81,77.23,6.55,93.07,Maize
90.87,44.72,16.64,18.87,49.27,7.33,68.45,Maize
75.34,45.51,21.23,24.45,71.88,6.01,82.49,Maize
81.39,45.76,26.43,23.47,70.88,6.63,102.6,Maize
80.17,36.33,21.6,20.05,60.77,6.59,103.57,Maize
78.26,50.78,26.81,22.72,85.81,6.58,58.59,Maize
87.04,51.43,25.16,24.02,63.89,5.69,81.86,Maize
67.79,42.78,22.35,27.01,68.16,5.7,91.67,Maize
92.36,42.51,19.46,22.04,58.72,6.62,83.19,Maize
83.03,40.01,18.25,24.17,62.02,7.16,79.01,Maize
80.7,56.39,14.33,16.72,52.79,6.93,76.72,Maize
108.7,42.92,20.74,26.63,81.05,7.33,103.13,Maize
90.29,53.33,23.11,20.35,58.45,6.3,82.45,Maize
72.56,54.27,23.82,22.27,76.82,5.73,82.1,Maize
69.4,31.2,19.67,21.63,77.11,6.62,69.64,Maize
100.25,58.99,22.33,21.32,57.32,6.11,101.33,Maize
100.62,61.89,18.04,18.64,66.13,5.42,89.85,Maize
76.23,43.81,13.62,23.54,60.74,5.72,41.92,Maize
77.67,63.95,26.65,20.63,60.18,6.53,70.02,Maize
81.62,54.89,24.91,21.7,63.37,5.86,72.6,Maize
75.28,51.31,23.65,19.59,76.94,6.16,84.68,Maize
69.03,26.18,23.54,24.21,62.75,6.33,92.74,Maize
59.25,43.24,23.18,18.24,67.35,5.62,92.0,Maize
77.57,33.46,24.66,19.8,58.52,6.4,102.23,Maize
65.81,48.56,21.72,24.08,66.41,6.12,72.59,Maize
79.03,38.35,8.31,23.31,72.23,5.12,69.85,Maize
85.43,66.52,20.08,19.82,63.54,6.99,75.31,Maize
68.41,43.66,16.19,22.37,78.0,6.46,81.21,Maize
74.5,33.93,23.53,21.77,63.56,7.9,89.48,Maize
68.98,44.16,24.59,22.34,53.49,6.76,74.98,Maize
100.48,57.72,18.21,25.84,65.54,6.73,92.27,Maize
67.84,42.21,24.12,21.0,61.77,5.82,91.35,Maize
102.75,38.39,20.1,26.24,64.36,6.53,69.06,Maize
83.14,46.32,23.94,25.56,85.72,6.59,89.89,Maize
80.33,44.82,21.35,21.11,66.35,6.96,69.9,Maize
91.68,59.85,19.53,15.63,60.14,6.95,84.66,Maize
66.01,43.46,23.36,23.64,63.09,6.12,79.12,Maize
66.93,62.54,18.71,25.65,77.17,6.8,78.53,Maize
82.84,47.78,16.39,22.97,55.57,6.89,78.03,Maize
80.41,50.55,18.96,23.76,61.2,6.74,64.81,Maize
79.52,65.45,16.0,19.97,69.11,6.39,90.26,Maize
83.87,53.71,24.44,23.23,63.07,6.64,113.5,Maize
76.41,39.23,24.43,21.64,47.62,6.72,76.97,Maize
76.91,50.99,20.76,24.13,61.52,6.56,81.11,Maize
86.87,53.54,16.26,25.26,60.71,6.7,90.51,Maize
100.06,45.99,18.6,21.94,62.57,6.7,60.76,Maize
65.36,38.39,23.8,27.13,64.16,6.22,86.05,Maize
91.94,39.65,20.95,24.93,69.01,6.39,100.02,Maize
45.56,54.1,17.38,16.51,69.09,6.99,82.94,Maize
89.43,62.51,25.26,26.92,70.94,6.34,60.97,Maize
75.05,40.41,28.68,21.47,65.99,6.58,85.65,Maize
98.34,42.4,20.78,19.77,54.44,5.99,84.44,Maize
72.85,41.77,14.37,21.75,52.96,6.68,86.24,Maize
60.51,45.22,16.99,22.96,75.72,5.36,86.73,Maize
76.08,54.04,20.85,19.74,62.45,5.9,101.14,Maize
78.26,65.11,19.76,19.87,52.89,5.4,61.24,Maize
81.21,52.58,13.68,24.69,61.14,6.37,109.18,Maize
88.76,45.58,16.44,15.54,59.25,6.19,70.19,Maize
76.42,48.69,19.1,20.05,66.35,6.52,68.64,Maize
94.93,47.11,20.08,24.12,66.87,6.78,89.31,Maize
70.65,51.25,15.43,22.33,64.73,6.2,83.07,Maize
55.42,43.06,20.37,22.48,56.78,6.93,72.01,Maize
89.63,51.84,17.42,27.33,55.45,6.76,100.01,Maize
69.95,60.53,19.0,22.87,67.08,6.23,97.16,Maize
87.52,32.26,25.22,17.01,73.26,6.86,68.64,Maize
73.07,38.05,19.14,21.08,71.24,6.96,105.94,Maize
71.25,46.12,13.27,19.58,72.72,7.11,66.48,Maize
70.89,47.76,21.12,19.57,68.39,6.06,84.78,Maize
84.56,48.06,18.25,21.67,64.29,6.11,81.12,Maize
97.18,53.05,18.82,24.09,62.33,6.89,90.54,Maize
76.71,52.03,13.72,18.62,55.45,6.37,110.99,Maize
104.78,53.74,22.0,16.6,60.66,5.91,75.69,Maize
75.98,43.75,12.08,24.24,56.42,6.42,116.11,Maize
66.97,25.23,18.86,25.3,80.67,5.69,92.45,Maize
72.42,47.05,30.58,17.49,67.03,6.53,101.29,Maize
79.18,50.77,18.43,22.81,62.25,6.61,79.46,Maize
82.53,47.74,24.5,21.85,50.82,6.93,71.41,Maize
70.15,42.64,25.5,15.59,90.1,6.83,88.35,Maize
77.34,50.57,22.08,23.94,69.44,6.34,82.04,Maize
76.18,46.25,24.54,23.78,41.48,6.63,87.92,Maize
77.78,44.5,24.5,24.84,58.82,6.5,70.43,Maize
61.44,42.36,23.45,24.86,69.1,6.66,92.74,Maize
70.3,51.89,23.2,24.26,74.51,6.65,90.27,Maize
90.84,47.76,16.47,21.51,59.04,5.96,82.83,Maize
68.49,45.23,12.43,22.64,65.01,5.89,94.89,Maize
89.25,33.53,16.95,19.69,57.48,6.71,82.09,Maize
74.83,29.97,22.54,18.28,65.48,6.44,105.41,Maize
62.29,20.82,20.74,27.4,74.91,6.4,77.63,Maize
87.69,39.24,21.91,23.52,73.48,7.68,90.89,Maize
71.89,47.77,12.92,19.92,61.73,6.04,87.29,Maize
68.13,58.09,20.0,21.97,62.38,6.38,97.38,Maize
67.59,42.08,18.79,17.96,58.45,6.06,98.12,Maize
81.15,49.74,23.4,21.59,68.12,6.25,88.98,Maize
71.01,26.05,19.46,26.27,72.41,6.78,103.54,Maize
79.06,49.78,17.53,21.05,69.93,6.9,82.91,Maize
72.6,48.0,22.4,17.67,46.63,6.02,66.69,Maize
71.9,46.67,18.19,26.36,67.61,6.45,94.33,Maize
64.33,57.35,19.7,24.01,56.43,5.52,97.27,Maize
82.52,39.88,16.52,25.38,55.48,7.12,71.49,Maize
85.66,45.04,22.41,20.37,63.7,6.32,69.97,Maize
86.89,43.38,19.09,19.02,44.5,6.2,121.19,Maize
87.42,47.83,18.95,22.07,69.38,5.71,101.71,Maize
86.58,54.46,21.75,22.06,70.38,6.6,79.69,Maize
71.12,48.92,26.2,18.28,53.26,6.38,85.76,Maize
80.08,50.2,19.11,26.47,52.19,5.89,83.45,Maize
58.28,46.42,26.65,22.06,66.85,5.67,75.75,Maize
73.5,45.14,25.13,23.67,56.11,6.42,92.47,Maize
91.68,62.22,15.94,19.57,54.94,6.18,92.0,Maize
89.85,47.32,18.72,22.46,58.32,7.34,60.89,Maize
80.22,66.21,20.03,21.43,62.14,6.21,105.59,Maize
51.46,61.8,14.3,21.2,61.57,6.59,61.03,Maize
83.55,66.22,14.55,22.57,59.7,6.51,85.29,Maize
70.3,52.39,27.22,21.43,70.76,5.65,70.65,Maize
83.67,61.36,21.42,21.06,64.99,5.67,94.07,Maize
88.59,43.93,18.12,22.8,61.51,6.27,116.5,Maize
75.04,44.77,17.41,24.23,63.55,5.98,104.82,Maize
95.04,42.6,12.53,25.02,59.52,6.7,55.45,Maize
88.71,37.1,22.92,22.04,57.37,6.1,95.29,Maize
79.27,53.26,27.91,17.31,77.94,6.35,71.52,Maize
62.04,46.3,23.69,21.62,77.09,5.57,84.82,Maize
62.97,51.27,23.55,20.74,44.17,6.4,91.55,Maize
82.85,59.12,15.72,24.04,74.54,5.41,89.79,Maize
71.95,47.27,21.39,20.54,59.59,6.32,68.69,Maize
64.97,54.11,15.4,24.0,68.7,5.44,74.84,Maize
92.33,39.17,18.14,23.39,71.27,6.17,76.04,Maize
95.07,63.65,23.92,22.26,58.53,5.88,92.84,Maize
83.02,60.61,22.6,17.49,73.42,5.8,79.24,Maize
81.0,65.96,32.44,23.82,63.53,6.57,98.31,Maize
74.15,64.16,20.92,23.49,70.33,6.51,97.58,Maize
70.59,42.98,15.6,23.32,71.23,6.53,110.12,Maize
77.93,54.02,15.63,20.84,70.56,6.72,80.59,Maize
77.14,34.34,18.57,24.67,69.6,6.55,85.75,Maize
78.08,42.06,22.8,23.26,68.94,6.04,52.7,Maize
91.17,43.69,16.55,24.08,61.86,6.83,94.26,Maize
86.2,35.71,24.85,22.78,62.05,6.37,58.36,Maize
82.9,38.74,14.59,17.43,73.9,5.99,108.01,Maize
71.57,32.63,15.53,25.71,63.75,6.03,87.4,Maize
84.02,58.06,25.79,20.92,54.39,6.09,88.9,Maize
66.43,39.39,21.38,21.85,65.26,5.92,81.54,Maize
66.91,56.01,24.14,16.46,57.56,5.55,75.25,Maize
77.0,34.95,16.31,18.99,66.66,6.33,74.17,Maize
80.12,43.08,18.91,27.02,75.72,5.65,97.45,Maize
87.74,37.67,23.28,26.61,56.02,5.84,100.26,Maize
81.26,52.96,21.36,23.17,54.39,6.82,102.54,Maize
75.25,47.61,13.88,23.54,69.58,6.27,101.87,Maize
73.99,53.08,15.92,21.93,63.61,6.41,79.46,Maize
76.42,55.43,18.25,17.18,79.0,6.99,65.62,Maize
86.28,43.47,21.05,22.88,63.12,5.91,74.64,Maize
67.01,40.51,19.73,19.85,70.46,7.04,76.3,Maize
80.87,52.5,21.89,22.23,70.94,6.54,66.44,Maize
88.43,55.99,16.95,22.11,70.47,6.2,101.09,Maize
106.37,40.93,14.48,22.91,70.77,6.18,106.8,Maize
61.94,54.24,17.58,27.16,80.94,5.92,76.76,Maize
88.32,44.52,19.82,22.08,49.64,6.29,74.65,Maize
72.08,60.99,14.97,24.44,62.77,6.16,96.86,Maize
82.08,53.14,23.87,21.01,60.1,5.76,72.62,Maize
113.39,59.2,14.6,18.03,68.85,6.57,93.23,Maize
74.94,46.87,21.31,22.26,47.25,6.19,72.23,Maize
80.1,74.87,21.47,21.06,72.37,6.54,91.3,Maize
85.28,66.51,15.48,23.42,57.59,6.58,71.22,Maize
72.99,45.34,23.9,24.76,55.03,6.33,74.36,Maize
62.9,46.05,18.77,29.28,68.46,5.61,76.53,Maize
90.26,66.8,13.66,16.36,79.97,6.49,71.98,Maize
84.42,24.28,20.01,22.98,72.39,5.79,86.29,Maize
66.89,50.3,16.42,20.78,57.03,6.63,97.88,Maize
75.18,48.34,14.21,21.1,64.6,7.61,68.32,Maize
95.57,56.97,21.12,27.28,67.98,6.49,84.2,Maize
92.68,57.87,17.5,18.04,63.38,5.9,84.05,Maize
92.85,43.88,19.83,22.17,71.79,5.18,75.9,Maize
80.54,58.8,18.03,16.37,69.96,5.98,67.16,Maize
70.51,46.34,17.58,15.38,72.18,6.94,94.77,Maize
64.35,46.19,19.97,23.8,70.35,5.93,86.23,Maize
83.49,61.1,22.82,24.37,65.67,7.01,91.15,Maize
67.67,60.63,22.79,20.67,61.16,6.45,91.95,Maize
80.37,50.8,26.8,25.21,66.53,6.77,69.51,Maize
82.78,64.28,19.13,19.46,59.78,5.76,73.23,Maize
73.55,35.35,20.06,24.71,57.74,7.06,92.66,Maize
90.37,42.08,23.42,18.72,72.12,6.39,93.3,Maize
63.89,39.94,22.39,19.15,68.71,5.62,97.72,Maize
63.21,52.97,22.5,19.91,69.66,6.43,76.92,Maize
65.9,30.34,21.4,17.31,65.76,6.17,95.19,Maize
74.38,45.03,22.93,23.01,67.53,6.53,61.97,Maize
87.08,53.51,15.93,21.27,64.69,6.23,90.01,Maize
95.18,57.74,14.75,23.87,75.63,6.49,101.36,Maize
102.15,57.21,21.0,25.14,66.16,6.31,79.73,Maize
96.76,40.63,26.13,23.5,53.81,6.48,53.5,Maize
85.51,55.97,17.63,22.37,80.63,6.05,69.12,Maize
95.78,65.66,20.01,25.03,75.73,5.93,77.72,Maize
92.77,63.17,22.25,19.36,80.9,6.03,79.97,Maize
82.11,61.99,23.42,23.24,68.71,6.32,93.37,Maize
47.65,45.33,20.97,18.55,68.09,6.2,111.33,Maize
96.88,43.81,19.4,21.78,61.39,6.4,73.63,Maize
64.43,53.6,22.52,19.59,72.16,5.98,88.8,Maize
87.84,47.7,21.82,20.45,63.43,6.2,73.8,Maize
75.88,34.06,18.04,21.15,62.95,6.18,84.07,Maize
83.75,55.87,17.4,18.39,56.66,6.06,79.72,Maize
68.76,36.33,18.18,22.54,69.76,6.02,78.81,Maize
66.88,47.72,16.61,23.72,50.71,6.12,89.52,Maize
120.21,67.54,21.75,21.99,78.43,6.01,79.03,Cotton
108.0,53.32,17.25,23.77,75.19,7.77,76.15,Cotton
139.99,52.51,22.41,24.74,81.36,5.94,76.65,Cotton
128.14,45.61,12.97,23.9,89.22,7.52,79.26,Cotton
129.42,43.07,11.48,22.15,88.38,6.76,77.08,Cotton
114.4,61.23,28.13,28.44,78.05,7.05,61.8,Cotton
135.72,36.66,21.08,21.81,75.47,6.48,72.71,Cotton
111.53,41.61,24.17,21.79,80.32,7.51,73.84,Cotton
109.38,44.16,25.9,24.39,75.81,7.14,66.77,Cotton
126.18,49.27,18.46,22.32,73.68,7.17,94.75,Cotton
110.35,49.67,9.56,22.83,78.81,6.45,68.76,Cotton
109.99,48.34,19.06,19.52,66.28,6.6,85.49,Cotton
85.03,42.0,17.37,26.78,76.69,7.09,81.7,Cotton
92.43,52.15,21.08,25.02,100.0,5.86,100.7,Cotton
114.55,48.3,19.77,23.15,75.58,7.06,61.79,Cotton
127.01,42.67,14.35,23.1,86.54,6.63,84.3,Cotton
109.23,52.06,23.43,27.7,77.95,7.23,81.18,Cotton
133.55,40.25,23.73,23.61,78.61,6.95,83.03,Cotton
116.61,47.72,27.89,25.97,84.21,6.67,69.33,Cotton
129.46,53.01,27.36,22.79,77.62,6.08,75.29,Cotton
129.96,42.27,23.2,23.62,80.94,6.33,81.02,Cotton
82.11,44.5,11.85,26.41,83.66,7.13,98.25,Cotton
106.61,59.98,24.66,23.53,85.81,6.35,70.11,Cotton
110.7,41.77,14.72,26.45,77.45,7.08,73.16,Cotton
96.15,48.16,10.44,23.86,70.79,7.89,90.94,Cotton
119.27,56.11,15.77,25.09,80.2,7.03,95.27,Cotton
126.79,48.31,11.73,22.08,78.26,6.95,66.44,Cotton
146.94,58.13,23.01,24.14,77.73,6.42,80.93,Cotton
121.09,36.07,21.67,23.69,67.55,6.47,75.04,Cotton
140.65,50.45,13.32,24.97,69.72,7.44,74.35,Cotton
116.88,56.61,13.56,21.21,75.5,7.42,61.77,Cotton
84.01,42.39,22.76,26.4,76.22,6.69,93.85,Cotton
95.56,42.89,20.95,24.9,75.94,6.92,50.14,Cotton
110.1,49.63,15.09,24.12,81.68,6.73,82.05,Cotton
106.45,44.35,23.05,24.31,75.48,7.01,88.58,Cotton
93.4,55.27,18.32,24.85,86.18,6.21,71.49,Cotton
114.54,39.73,28.67,22.29,75.67,7.0,65.57,Cotton
113.25,48.54,18.34,23.81,75.82,6.14,83.86,Cotton
139.06,46.15,21.13,25.39,71.38,7.75,82.43,Cotton
137.58,40.14,29.09,25.55,82.32,7.02,77.02,Cotton
132.41,47.12,10.16,21.77,77.88,7.05,79.32,Cotton
132.63,30.39,20.72,20.36,83.56,6.85,85.04,Cotton
107.63,56.24,25.21,25.17,78.22,7.19,71.52,Cotton
128.27,59.2,25.35,22.54,81.17,6.25,86.87,Cotton
123.41,31.04,14.19,23.43,77.19,6.3,84.67,Cotton
121.02,44.45,16.22,26.1,88.93,6.66,72.65,Cotton
123.89,43.14,19.3,25.48,67.54,7.56,80.87,Cotton
113.06,45.29,19.81,20.54,87.97,6.92,85.32,Cotton
129.42,37.83,22.37,23.46,84.08,5.84,78.81,Cotton
110.77,49.46,22.35,22.58,74.73,6.84,69.24,Cotton
128.1,43.05,5.47,23.25,72.77,6.08,65.15,Cotton
119.31,56.63,21.57,22.79,81.74,6.67,71.66,Cotton
104.15,31.99,18.05,24.32,78.42,6.69,68.65,Cotton
125.3,35.46,23.88,22.0,74.49,6.17,73.98,Cotton
129.7,50.13,24.89,25.04,72.38,6.73,70.64,Cotton
133.97,36.43,24.47,25.79,89.98,6.7,88.55,Cotton
145.38,41.06,12.32,20.24,83.28,5.96,75.53,Cotton
123.25,47.48,22.13,24.44,86.67,6.42,71.88,Cotton
108.73,52.64,24.5,24.9,86.1,6.31,100.01,Cotton
136.28,51.88,28.91,20.69,75.85,6.53,88.66,Cotton
105.4,52.06,26.85,25.39,80.7,6.41,69.84,Cotton
133.0,52.23,19.8,23.16,66.85,6.36,102.94,Cotton
102.63,47.52,25.04,21.49,80.11,7.37,80.15,Cotton
152.42,32.65,25.29,23.65,83.63,7.12,71.2,Cotton
120.75,31.14,23.02,24.6,82.83,7.43,84.41,Cotton
119.78,38.95,16.44,26.37,87.62,6.78,80.55,Cotton
107.14,55.38,23.33,27.88,73.73,6.71,82.78,Cotton
125.76,44.27,15.64,25.76,83.33,6.44,96.27,Cotton
132.04,47.07,20.4,25.11,73.83,6.92,54.17,Cotton
128.52,33.51,27.52,23.34,77.73,6.59,76.54,Cotton
135.02,26.1,26.38,24.68,71.76,6.36,100.12,Cotton
106.65,36.77,25.69,24.68,73.37,7.01,67.69,Cotton
131.21,54.49,22.66,24.72,89.57,6.9,65.82,Cotton
123.39,62.69,14.93,23.28,81.5,6.87,68.21,Cotton
131.46,64.56,20.98,22.19,69.71,7.03,93.25,Cotton
123.7,45.98,17.05,21.82,84.01,7.36,61.45,Cotton
137.08,50.59,27.0,21.32,70.81,6.83,86.03,Cotton
139.56,51.65,18.79,21.95,86.38,6.42,99.54,Cotton
114.59,58.72,23.39,23.73,75.88,6.73,85.14,Cotton
118.93,41.25,19.17,24.16,66.23,7.13,68.24,Cotton
104.16,32.5,11.03,21.29,74.75,7.88,73.69,Cotton
120.13,49.2,20.66,23.85,71.83,7.63,101.69,Cotton
97.81,37.81,18.6,22.07,82.04,6.54,105.98,Cotton
132.29,47.7,25.13,26.21,75.62,6.49,80.94,Cotton
128.34,47.11,12.12,22.39,78.56,6.86,103.67,Cotton
101.37,50.04,27.45,28.54,76.57,7.15,86.84,Cotton
120.35,45.21,22.18,18.94,83.09,6.96,77.33,Cotton
142.56,40.6,17.98,27.98,74.01,6.62,78.24,Cotton
128.09,47.66,13.54,22.94,75.36,6.86,85.11,Cotton
123.02,31.79,25.32,24.51,87.31,7.12,93.22,Cotton
123.6,56.77,22.61,23.8,92.63,7.34,86.88,Cotton
102.68,35.69,21.46,24.29,75.32,6.97,99.06,Cotton
126.34,36.87,19.44,22.39,76.67,6.69,74.27,Cotton
102.94,44.98,17.2,18.14,91.32,7.44,75.48,Cotton
118.23,36.63,28.48,27.79,79.94,7.41,82.1,Cotton
101.96,42.71,20.66,23.09,77.69,6.85,79.03,Cotton
118.63,37.52,16.41,21.43,84.87,5.85,93.84,Cotton
134.64,43.58,6.98,23.28,78.61,6.39,73.82,Cotton
136.36,51.32,15.38,20.8,77.04,6.79,85.95,Cotton
111.58,50.09,29.68,25.63,78.71,6.81,75.72,Cotton
132.17,40.98,20.23,24.1,75.99,6.21,83.88,Cotton
117.27,50.0,17.33,26.44,73.74,7.76,59.03,Cotton
123.22,49.8,16.02,24.85,86.68,5.79,86.03,Cotton
88.08,38.27,28.15,22.84,71.96,6.8,104.81,Cotton
96.02,37.59,27.49,27.72,78.38,6.28,105.15,Cotton
137.13,51.43,15.94,23.9,78.04,7.07,97.41,Cotton
128.55,37.38,26.88,24.63,83.12,7.63,66.66,Cotton
117.57,41.75,12.16,24.69,94.07,5.98,79.61,Cotton
125.69,46.98,19.43,21.4,80.4,6.52,53.72,Cotton
132.34,53.67,20.26,24.46,85.45,7.01,90.85,Cotton
114.43,56.5,21.6,24.39,71.38,7.04,70.02,Cotton
110.34,39.48,14.67,28.25,86.99,7.86,65.33,Cotton
118.86,35.65,16.52,22.16,86.44,6.7,92.82,Cotton
125.25,64.43,12.6,26.52,85.88,6.41,92.09,Cotton
122.03,44.18,15.88,22.56,91.3,6.9,89.39,Cotton
108.51,39.76,25.41,21.3,76.51,6.92,81.34,Cotton
115.85,49.17,23.46,25.47,73.09,6.76,94.34,Cotton
128.74,35.02,21.76,20.04,79.28,7.85,68.63,Cotton
107.99,52.11,12.29,22.73,82.58,6.58,77.17,Cotton
126.93,49.37,21.33,23.32,81.22,6.84,85.49,Cotton
112.04,44.54,15.05,23.93,74.13,6.34,83.1,Cotton
120.55,52.26,17.84,24.82,82.3,7.12,70.09,Cotton
119.79,48.91,20.04,19.83,79.96,8.01,75.68,Cotton
109.26,48.99,21.56,26.39,71.45,7.27,87.09,Cotton
116.29,48.71,25.15,25.74,72.14,7.31,79.22,Cotton
118.87,46.59,19.25,26.38,78.5,6.34,75.28,Cotton
120.14,55.83,23.02,22.3,93.91,7.03,95.3,Cotton
116.18,50.27,24.2,26.44,85.34,7.34,76.22,Cotton
111.14,48.66,24.67,23.55,85.39,7.63,69.0,Cotton
107.96,44.88,21.54,22.95,87.11,7.11,80.47,Cotton
100.77,35.47,21.41,19.73,85.08,6.82,118.92,Cotton
145.69,44.55,19.47,25.99,89.22,6.08,58.56,Cotton
110.54,50.66,22.48,26.14,71.8,5.74,90.3,Cotton
108.06,29.85,20.73,25.59,78.27,6.67,78.09,Cotton
113.55,35.22,16.43,25.04,80.93,6.98,68.06,Cotton
115.82,28.58,20.89,26.86,70.16,6.61,83.95,Cotton
133.03,42.41,16.54,20.06,79.62,7.92,83.33,Cotton
117.73,48.58,19.94,22.37,83.94,7.01,80.21,Cotton
106.3,56.43,23.32,22.89,85.01,6.65,70.62,Cotton
108.88,31.83,22.36,20.34,71.63,5.86,78.97,Cotton
116.2,43.39,14.79,21.66,81.79,6.62,83.8,Cotton
107.38,47.45,26.52,25.17,76.53,7.03,77.11,Cotton
118.09,43.4,19.18,24.42,73.04,6.39,63.34,Cotton
98.8,36.26,20.8,22.21,82.08,6.92,56.38,Cotton
125.86,52.49,15.03,24.84,73.86,6.95,64.83,Cotton
96.48,42.94,19.38,23.2,71.9,6.7,83.23,Cotton
117.46,47.46,16.65,26.34,71.94,7.14,94.18,Cotton
123.77,44.38,17.36,26.07,70.46,6.41,75.23,Cotton
132.85,49.04,15.16,23.38,75.31,6.55,91.75,Cotton
101.54,58.87,24.14,26.18,76.22,6.83,62.8,Cotton
111.7,49.95,26.48,21.79,76.81,6.82,63.25,Cotton
125.1,40.21,19.02,23.1,74.26,6.9,77.41,Cotton
113.54,40.17,21.6,27.31,79.84,7.4,63.32,Cotton
119.89,37.22,12.62,22.52,86.15,7.38,82.92,Cotton
99.61,44.43,21.51,24.35,67.94,6.45,79.23,Cotton
124.44,28.43,19.19,24.29,84.1,7.25,86.99,Cotton
108.4,30.74,18.03,26.0,87.36,7.26,85.15,Cotton
122.56,41.55,19.35,27.34,73.34,7.71,76.14,Cotton
133.91,34.75,22.93,22.53,70.51,7.01,92.11,Cotton
107.86,34.01,19.54,23.83,82.29,7.37,79.29,Cotton
140.27,47.79,18.27,20.78,77.42,6.73,91.52,Cotton
123.55,36.57,20.86,25.34,88.17,7.34,89.13,Cotton
118.72,49.11,26.25,21.33,76.9,6.51,84.55,Cotton
132.76,41.22,8.05,23.18,84.48,7.17,85.14,Cotton
114.64,35.77,22.58,22.33,92.1,7.19,73.03,Cotton
110.66,45.26,18.8,26.23,80.12,6.53,102.69,Cotton
118.59,52.15,16.96,24.73,80.87,5.96,104.18,Cotton
133.49,42.82,14.49,24.7,79.52,7.08,82.3,Cotton
124.07,57.58,22.84,21.9,87.18,7.72,117.82,Cotton
104.52,47.94,9.59,25.11,75.71,7.86,70.7,Cotton
97.73,42.23,10.12,25.5,66.61,6.91,55.07,Cotton
114.16,59.15,21.8,22.27,78.81,6.91,85.67,Cotton
101.6,50.74,6.48,22.74,76.07,7.22,80.27,Cotton
101.13,38.12,20.99,23.84,75.53,6.66,88.35,Cotton
111.79,45.3,30.85,21.15,67.89,7.29,71.86,Cotton
114.18,39.75,18.7,27.2,83.81,7.33,63.01,Cotton
104.19,23.29,15.95,25.91,82.1,6.79,79.73,Cotton
109.73,47.64,23.83,20.77,80.8,7.37,75.02,Cotton
126.41,68.52,19.48,24.79,74.57,6.99,85.52,Cotton
120.34,37.84,21.03,26.92,81.69,7.38,77.16,Cotton
127.0,48.23,15.25,24.64,73.05,6.58,82.27,Cotton
121.57,36.49,25.27,25.14,74.77,6.13,78.26,Cotton
112.65,46.91,18.18,19.99,76.67,6.75,87.6,Cotton
109.62,59.43,10.44,26.62,77.65,7.33,80.96,Cotton
131.67,42.9,14.51,26.84,78.32,7.01,94.82,Cotton
105.62,50.76,17.05,23.74,79.43,6.15,70.65,Cotton
134.21,53.09,19.69,24.49,77.23,7.58,77.6,Cotton
120.78,55.17,16.11,27.12,69.82,7.71,75.53,Cotton
115.09,30.88,17.73,21.92,75.35,6.83,91.49,Cotton
120.49,48.46,14.52,22.24,89.79,6.53,99.87,Cotton
115.08,46.02,25.35,26.54,78.34,6.71,79.33,Cotton
122.06,53.13,20.02,25.24,88.83,7.09,83.74,Cotton
99.77,24.95,21.94,23.81,75.91,7.02,79.28,Cotton
131.53,46.69,16.27,25.98,77.7,7.16,74.27,Cotton
110.2,46.67,20.06,24.96,77.39,5.98,74.81,Cotton
127.53,43.62,18.77,25.97,74.73,6.13,78.07,Cotton
112.19,38.27,19.12,24.98,78.94,7.05,101.76,Cotton
113.89,48.23,17.45,22.31,75.49,6.66,84.31,Cotton
146.19,40.27,17.92,23.87,81.37,7.03,95.41,Cotton
88.88,26.9,17.52,26.19,69.61,5.4,86.85,Cotton
23.46,42.19,32.09,23.59,68.77,6.25,82.41,Groundnut
5.0,44.29,31.24,25.73,64.23,6.82,47.11,Groundnut
22.27,57.03,49.14,25.05,70.27,5.78,39.12,Groundnut
27.07,51.95,45.07,22.38,71.64,7.25,81.3,Groundnut
23.66,52.08,28.57,30.57,63.72,6.7,51.55,Groundnut
14.92,64.92,35.92,30.86,67.45,5.76,88.38,Groundnut
18.46,58.29,38.15,21.87,69.15,7.38,82.39,Groundnut
21.65,61.68,39.26,27.13,60.36,6.59,90.53,Groundnut
16.98,64.82,37.45,23.84,74.98,6.39,86.39,Groundnut
20.25,51.46,40.96,27.37,54.03,6.05,88.94,Groundnut
21.21,47.29,29.85,23.26,53.85,6.46,66.02,Groundnut
16.2,51.39,40.18,32.78,57.42,6.96,89.6,Groundnut
17.33,53.83,35.25,27.06,78.56,6.74,82.63,Groundnut
19.42,38.64,36.75,30.12,57.31,6.08,76.89,Groundnut
16.09,44.87,35.46,22.4,61.18,6.78,55.39,Groundnut
12.41,46.33,42.39,25.91,64.75,6.52,48.81,Groundnut
24.97,55.45,35.54,29.52,60.11,6.95,77.32,Groundnut
19.98,51.82,37.36,30.16,60.46,6.19,90.54,Groundnut
18.43,60.1,48.2,25.29,72.77,6.04,86.32,Groundnut
23.2,56.26,34.13,21.52,71.52,5.67,70.24,Groundnut
27.65,53.73,49.69,29.58,63.42,6.51,74.29,Groundnut
12.51,43.54,34.64,20.39,68.33,6.4,49.91,Groundnut
24.43,58.44,39.36,25.53,72.14,6.77,79.61,Groundnut
17.05,54.49,45.17,24.71,82.69,6.29,75.49,Groundnut
17.97,54.01,27.55,24.86,60.36,6.55,89.92,Groundnut
25.88,30.66,50.25,27.39,62.56,6.56,77.64,Groundnut
18.0,53.78,34.36,25.29,63.2,5.93,77.19,Groundnut
25.51,56.63,42.92,27.47,64.27,6.84,54.64,Groundnut
16.6,43.32,44.48,29.33,71.41,6.93,61.81,Groundnut
24.09,50.87,43.08,26.15,65.31,6.72,88.14,Groundnut
17.99,51.45,31.65,19.01,69.4,6.74,78.93,Groundnut
10.3,48.84,24.69,30.61,60.4,7.0,89.19,Groundnut
16.6,41.8,40.1,23.97,68.72,6.31,48.28,Groundnut
8.62,54.04,34.63,24.84,72.87,6.97,70.91,Groundnut
19.96,56.5,29.86,27.17,71.86,6.77,45.95,Groundnut
17.43,44.1,38.6,27.94,78.48,6.3,67.54,Groundnut
28.9,54.67,45.61,27.37,59.9,5.97,51.73,Groundnut
25.97,62.7,49.1,29.03,76.14,6.27,57.65,Groundnut
27.1,55.76,38.64,27.66,70.26,7.01,94.42,Groundnut
25.27,59.61,41.08,25.12,73.3,5.94,90.81,Groundnut
14.83,54.57,32.93,28.16,67.76,5.86,81.31,Groundnut
18.53,59.93,38.01,27.69,61.3,6.26,68.12,Groundnut
27.14,67.1,33.17,29.73,52.81,6.02,60.62,Groundnut
13.88,37.75,40.48,25.86,70.66,6.78,78.98,Groundnut
25.95,51.37,30.88,29.67,63.88,6.13,72.33,Groundnut
16.52,48.24,40.06,27.55,61.72,6.3,91.11,Groundnut
24.98,70.68,45.08,29.93,58.28,6.81,74.2,Groundnut
18.69,53.51,43.67,28.0,61.85,6.8,65.44,Groundnut
23.3,49.27,36.69,28.8,60.72,7.28,47.68,Groundnut
18.41,55.33,41.51,26.2,67.6,6.66,71.53,Groundnut
30.36,59.55,43.24,23.6,67.44,6.38,59.92,Groundnut
24.16,47.16,41.93,23.29,80.03,6.14,78.29,Groundnut
26.75,46.86,43.11,22.81,78.16,6.51,66.05,Groundnut
20.2,59.28,34.49,24.25,66.45,6.03,102.31,Groundnut
18.6,59.48,39.26,23.55,67.96,6.81,72.18,Groundnut
29.16,61.19,43.51,25.12,60.44,6.25,77.94,Groundnut
25.27,32.46,37.95,26.97,66.06,7.02,81.33,Groundnut
29.86,50.06,43.62,31.41,77.18,6.06,71.19,Groundnut
19.93,56.4,42.12,23.98,68.47,5.69,96.63,Groundnut
18.93,52.5,36.14,29.94,48.14,6.49,73.41,Groundnut
19.28,67.54,32.68,28.82,70.49,7.0,64.99,Groundnut
17.6,61.86,40.55,21.87,64.22,6.65,87.57,Groundnut
17.92,25.77,41.14,22.84,53.88,5.37,87.21,Groundnut
22.77,49.97,46.33,28.41,79.31,5.94,74.48,Groundnut
12.3,49.94,36.51,28.38,68.32,6.75,85.55,Groundnut
34.93,49.16,32.35,27.24,62.38,7.09,70.75,Groundnut
18.61,47.76,42.31,26.03,63.51,7.17,62.16,Groundnut
22.21,57.87,28.21,27.94,60.61,6.83,60.56,Groundnut
26.16,61.95,43.17,27.25,66.38,6.27,97.07,Groundnut
17.8,42.67,41.99,24.11,61.35,5.92,67.76,Groundnut
21.5,54.19,43.71,28.08,66.66,6.42,82.65,Groundnut
29.64,53.14,35.19,23.52,57.88,6.77,83.67,Groundnut
25.46,50.84,46.44,25.05,74.69,6.48,65.87,Groundnut
25.56,55.69,40.14,26.74,67.73,7.46,92.76,Groundnut
26.34,53.01,44.04,28.05,68.18,6.38,73.79,Groundnut
5.0,53.9,35.07,31.28,68.14,6.02,74.25,Groundnut
15.72,56.26,39.75,29.37,62.46,6.51,54.52,Groundnut
26.21,56.67,40.97,26.5,70.9,7.14,70.72,Groundnut
22.83,42.22,32.79,26.79,75.73,6.4,71.46,Groundnut
19.56,47.19,39.77,22.01,76.97,6.23,85.83,Groundnut
14.38,58.02,42.03,27.65,61.04,6.6,57.25,Groundnut
20.48,61.26,42.78,26.55,61.18,6.76,75.29,Groundnut
8.08,59.04,37.85,30.11,60.33,5.23,79.19,Groundnut
23.75,36.78,32.13,34.77,65.86,6.79,65.24,Groundnut
9.46,50.47,36.41,25.3,67.2,6.61,72.75,Groundnut
14.42,56.38,26.3,20.35,73.17,6.7,74.14,Groundnut
13.63,45.63,36.42,21.71,62.83,6.76,96.41,Groundnut
19.48,58.81,26.52,28.48,62.37,6.62,71.28,Groundnut
29.92,44.13,41.77,25.66,66.89,6.43,62.31,Groundnut
21.92,51.44,39.45,26.75,73.59,6.87,59.24,Groundnut
27.21,41.32,41.53,28.36,54.62,6.54,67.97,Groundnut
17.45,64.16,34.08,24.08,68.53,6.77,72.88,Groundnut
29.0,56.78,24.93,24.91,64.07,6.69,35.63,Groundnut
37.29,56.78,38.89,30.04,84.41,6.85,89.23,Groundnut
22.78,50.73,35.15,24.02,63.19,5.96,73.86,Groundnut
11.89,53.72,37.78,26.94,64.35,7.73,95.4,Groundnut
14.53,54.1,34.35,23.46,58.62,6.67,64.78,Groundnut
27.81,60.94,46.24,23.94,71.33,6.75,67.89,Groundnut
17.37,66.49,39.36,28.41,62.25,6.01,66.46,Groundnut
21.26,42.42,37.94,21.43,60.16,6.77,84.06,Groundnut
19.65,42.84,31.84,25.38,72.51,6.87,67.55,Groundnut
15.08,54.41,33.06,24.95,77.28,6.83,77.37,Groundnut
14.37,53.9,44.38,25.37,77.46,7.02,99.96,Groundnut
23.83,57.29,46.49,27.84,64.49,6.32,78.58,Groundnut
14.26,50.71,44.58,19.93,78.74,6.95,68.1,Groundnut
25.26,52.03,45.38,29.45,58.2,6.73,71.92,Groundnut
22.5,45.45,48.49,29.62,62.82,5.97,69.21,Groundnut
24.61,54.16,45.52,28.87,74.79,6.63,54.16,Groundnut
20.83,61.54,37.69,28.01,65.77,6.09,73.15,Groundnut
23.85,46.1,36.59,23.68,75.83,6.38,96.79,Groundnut
31.17,51.27,31.95,20.24,57.7,5.95,95.68,Groundnut
22.69,55.51,24.68,22.91,74.21,6.61,72.79,Groundnut
25.39,66.72,36.67,26.71,69.35,7.46,43.51,Groundnut
26.1,50.97,41.4,24.53,67.66,6.78,121.69,Groundnut
26.85,44.37,35.46,25.14,55.43,6.37,85.99,Groundnut
14.35,61.44,40.93,24.3,67.01,7.14,86.0,Groundnut
22.05,49.86,38.46,24.96,53.27,7.32,77.33,Groundnut
24.39,51.48,33.59,25.94,56.8,7.41,56.48,Groundnut
15.81,48.04,45.73,26.54,59.35,7.0,85.97,Groundnut
25.23,58.44,52.37,33.06,63.19,7.15,80.75,Groundnut
24.99,36.77,36.98,24.06,73.8,6.93,43.88,Groundnut
21.87,62.1,36.88,28.69,70.46,6.64,70.93,Groundnut
14.7,41.91,42.26,26.56,67.03,6.33,70.42,Groundnut
28.28,48.98,29.95,28.73,66.57,6.51,99.11,Groundnut
21.88,54.6,30.93,25.84,72.27,5.88,78.01,Groundnut
22.6,52.37,44.22,27.5,78.35,6.1,77.04,Groundnut
22.51,42.38,43.74,33.47,67.88,6.7,76.27,Groundnut
17.72,35.61,33.77,22.32,79.93,6.45,69.81,Groundnut
27.33,41.9,33.4,26.7,75.2,6.7,78.72,Groundnut
22.47,55.6,39.21,23.41,68.32,6.07,76.22,Groundnut
19.12,74.85,37.76,22.29,67.06,6.71,100.1,Groundnut
18.46,37.76,42.9,22.36,64.95,6.4,73.96,Groundnut
26.13,45.85,36.36,26.46,69.05,6.54,81.54,Groundnut
27.06,55.53,40.72,21.75,68.35,6.69,85.93,Groundnut
17.85,46.07,34.56,28.11,75.24,6.34,88.62,Groundnut
22.74,50.88,36.73,28.74,70.28,7.41,62.22,Groundnut
25.11,47.24,32.78,26.47,68.96,7.67,72.24,Groundnut
15.22,54.46,25.55,26.22,68.11,6.82,89.6,Groundnut
18.98,50.64,33.4,23.12,70.17,5.99,68.78,Groundnut
16.03,56.95,48.81,22.6,55.03,6.45,75.24,Groundnut
23.31,47.98,36.8,27.6,75.28,5.72,69.47,Groundnut
23.28,43.74,48.39,24.59,67.71,6.72,66.13,Groundnut
10.92,48.14,44.18,25.49,62.07,6.87,70.04,Groundnut
18.94,53.35,42.62,33.65,73.79,6.96,67.41,Groundnut
15.84,52.56,38.64,23.26,66.77,6.66,80.41,Groundnut
25.03,54.62,34.96,24.96,59.61,7.21,75.2,Groundnut
20.65,43.64,55.61,23.28,65.0,6.67,84.0,Groundnut
27.75,68.27,41.04,23.33,66.2,6.62,106.02,Groundnut
13.61,62.82,39.08,29.01,67.29,6.16,86.26,Groundnut
25.93,60.75,37.92,24.7,57.09,6.83,81.36,Groundnut
16.21,47.15,35.2,22.05,62.28,6.05,68.81,Groundnut
17.57,37.36,50.14,30.26,62.55,6.61,81.26,Groundnut
29.15,44.63,44.55,24.86,58.65,6.79,94.36,Groundnut
37.53,41.2,42.19,25.27,73.48,5.91,56.06,Groundnut
17.34,52.71,34.15,28.48,75.19,6.74,99.28,Groundnut
24.49,41.05,46.18,24.68,74.37,7.13,81.85,Groundnut
13.02,43.74,45.94,25.99,68.56,6.8,85.44,Groundnut
23.67,50.12,36.12,29.07,71.87,6.4,91.23,Groundnut
21.23,44.34,33.45,23.56,66.09,6.99,62.92,Groundnut
23.13,46.09,36.44,21.97,66.46,6.42,83.1,Groundnut
23.34,41.21,44.51,27.13,69.39,6.5,67.23,Groundnut
23.31,56.28,27.52,24.88,66.22,6.6,92.9,Groundnut
17.37,47.52,34.92,24.1,65.57,6.81,59.19,Groundnut
24.57,36.68,34.63,25.51,79.72,6.39,41.98,Groundnut
10.01,52.31,41.68,27.63,69.17,6.96,66.91,Groundnut
27.37,37.31,32.57,21.08,66.08,6.48,76.71,Groundnut
22.37,43.65,36.86,22.01,77.54,6.38,67.67,Groundnut
31.53,40.82,31.25,23.21,67.52,6.67,86.1,Groundnut
37.43,31.76,41.65,24.83,63.9,6.25,61.37,Groundnut
32.11,59.58,38.14,30.55,57.41,5.97,42.33,Groundnut
17.8,53.46,38.62,26.95,58.12,6.82,78.59,Groundnut
26.4,34.97,39.87,22.94,65.22,6.71,76.37,Groundnut
16.89,52.06,28.81,29.95,66.56,6.95,67.1,Groundnut
18.86,45.12,43.26,24.37,72.51,6.35,45.36,Groundnut
18.58,41.39,38.2,22.93,74.48,6.46,72.34,Groundnut
25.94,60.68,37.88,24.19,55.58,6.23,65.74,Groundnut
22.64,48.89,42.13,24.66,67.6,6.97,80.13,Groundnut
21.64,46.58,34.2,23.95,64.21,6.8,71.67,Groundnut
13.9,67.91,39.92,22.28,64.91,6.54,100.57,Groundnut
15.35,60.78,46.4,24.61,66.06,6.09,71.95,Groundnut
21.78,57.94,44.54,24.26,54.23,6.49,79.4,Groundnut
23.5,49.06,38.75,31.05,70.67,6.35,67.5,Groundnut
20.98,66.73,36.9,26.44,64.62,6.94,104.4,Groundnut
24.7,52.74,38.22,19.35,73.22,6.55,81.43,Groundnut
17.73,48.54,35.53,29.56,65.35,7.33,81.46,Groundnut
14.35,50.84,34.09,19.92,79.2,6.78,83.0,Groundnut
22.99,39.56,35.1,29.03,60.64,5.49,71.59,Groundnut
21.15,53.22,42.37,28.41,69.81,6.98,52.22,Groundnut
25.03,57.64,30.56,21.99,62.78,6.24,86.3,Groundnut
18.31,44.29,34.33,29.86,68.09,6.43,73.35,Groundnut
29.75,45.26,45.89,27.13,66.88,7.5,59.17,Groundnut
19.88,40.91,43.71,31.57,79.69,6.99,72.04,Groundnut
19.81,36.96,50.22,27.91,64.56,7.03,60.41,Groundnut
24.44,50.45,41.83,26.31,57.84,6.53,90.73,Groundnut
21.82,58.98,31.73,26.42,63.63,6.8,75.47,Groundnut
26.14,61.79,42.15,27.32,61.01,6.5,67.0,Groundnut
19.94,48.63,32.12,20.63,63.32,6.58,54.78,Groundnut
22.09,69.1,44.14,31.43,70.74,6.97,64.14,Groundnut
18.13,27.35,45.12,31.12,64.13,6.4,63.69,Groundnut
24.3,62.12,27.54,27.73,66.06,6.55,81.88,Groundnut
191.24,70.96,92.43,30.91,78.35,7.11,161.87,Sugarcane
187.43,80.99,95.45,29.98,89.13,7.52,202.79,Sugarcane
184.78,46.46,92.98,27.02,78.12,6.92,190.39,Sugarcane
159.41,62.6,100.72,33.15,74.22,7.16,228.57,Sugarcane
178.78,75.67,86.11,30.59,76.21,7.15,176.52,Sugarcane
209.14,92.85,82.91,26.98,76.85,7.39,183.21,Sugarcane
138.34,85.59,104.13,22.77,70.14,7.78,243.43,Sugarcane
213.77,70.24,96.0,27.61,84.03,6.56,175.83,Sugarcane
215.21,71.56,111.54,25.99,74.56,6.54,200.22,Sugarcane
165.43,67.12,77.76,30.08,80.73,6.13,240.02,Sugarcane
244.95,72.46,87.31,36.47,64.45,7.01,205.39,Sugarcane
221.9,75.6,89.02,25.15,72.27,6.5,201.43,Sugarcane
183.72,57.06,110.06,26.51,64.85,6.92,202.05,Sugarcane
160.07,75.32,82.43,33.13,79.19,6.8,177.64,Sugarcane
192.9,78.13,94.69,27.35,75.47,6.7,189.7,Sugarcane
153.28,81.74,98.59,25.68,90.19,7.04,168.92,Sugarcane
212.13,75.98,99.73,26.72,78.6,6.87,216.68,Sugarcane
156.9,67.66,115.67,25.7,70.17,6.78,163.56,Sugarcane
150.83,69.69,96.63,27.84,73.84,7.02,230.69,Sugarcane
191.19,66.26,91.63,29.74,86.3,6.69,202.97,Sugarcane
201.77,62.07,95.25,23.6,60.85,7.18,188.48,Sugarcane
199.05,71.82,83.28,27.86,65.14,7.7,159.32,Sugarcane
191.08,61.58,101.85,27.01,70.85,7.43,200.88,Sugarcane
205.33,62.19,78.14,28.32,72.45,7.31,197.6,Sugarcane
199.1,55.77,117.66,27.51,80.58,6.58,209.24,Sugarcane
168.94,76.52,90.73,28.09,80.58,6.38,179.47,Sugarcane
204.15,92.98,93.34,29.77,74.14,7.97,147.58,Sugarcane
196.89,55.74,64.92,28.89,76.12,6.86,196.81,Sugarcane
256.97,69.42,101.12,26.05,77.36,6.88,187.68,Sugarcane
231.38,83.77,96.64,21.09,72.11,8.35,193.08,Sugarcane
217.06,86.42,97.63,25.47,55.52,7.34,175.56,Sugarcane
198.52,59.5,91.82,28.1,77.15,6.44,235.91,Sugarcane
183.06,55.26,93.69,28.1,76.28,7.68,192.91,Sugarcane
192.61,60.97,104.85,28.55,71.64,6.05,243.33,Sugarcane
170.45,66.09,99.3,24.41,63.05,5.94,221.63,Sugarcane
184.1,101.27,83.07,25.24,70.48,7.12,185.89,Sugarcane
207.25,62.21,78.42,22.61,57.21,6.74,190.97,Sugarcane
182.37,84.43,109.74,27.0,60.65,6.72,182.01,Sugarcane
181.86,65.02,87.16,26.84,69.92,7.1,210.81,Sugarcane
176.79,84.71,83.24,23.15,78.05,6.59,209.64,Sugarcane
146.93,85.92,103.07,23.5,63.17,7.84,177.88,Sugarcane
178.32,49.34,90.79,27.32,80.72,6.3,154.39,Sugarcane
204.02,82.07,76.15,31.24,75.3,7.55,197.89,Sugarcane
144.55,70.48,107.72,25.32,71.9,6.91,113.01,Sugarcane
228.43,62.99,101.07,27.74,85.06,7.2,192.95,Sugarcane
177.13,79.98,72.52,29.94,66.21,7.63,204.84,Sugarcane
207.88,72.82,73.97,25.42,80.38,7.08,235.43,Sugarcane
203.07,62.33,85.45,28.31,56.49,7.84,213.25,Sugarcane
219.54,56.19,109.93,34.69,64.43,7.39,200.03,Sugarcane
164.11,76.93,105.0,26.2,84.33,6.17,155.16,Sugarcane
197.73,72.25,86.4,30.43,79.25,7.43,196.31,Sugarcane
207.05,67.54,119.65,25.56,91.84,7.02,158.73,Sugarcane
222.36,73.26,105.21,31.67,77.7,6.7,229.27,Sugarcane
195.02,78.86,69.16,29.34,69.89,7.83,218.69,Sugarcane
199.8,76.86,83.02,32.87,90.93,7.2,247.71,Sugarcane
183.62,64.03,95.49,29.3,71.85,7.27,209.19,Sugarcane
175.03,77.19,105.36,28.51,84.22,6.39,214.04,Sugarcane
171.59,60.86,87.43,25.17,70.62,6.89,225.11,Sugarcane
188.58,56.14,108.68,25.49,74.53,7.22,205.99,Sugarcane
216.88,76.79,84.66,34.54,76.55,6.93,228.92,Sugarcane
199.99,75.99,124.91,27.17,72.46,7.06,232.15,Sugarcane
164.87,52.34,87.95,23.1,71.6,7.25,173.28,Sugarcane
166.46,72.69,105.35,22.92,81.56,7.41,228.62,Sugarcane
219.37,94.02,90.73,28.33,71.67,7.0,245.99,Sugarcane
168.1,63.39,111.53,31.06,72.09,7.43,210.24,Sugarcane
225.01,72.75,107.31,35.93,79.78,7.02,221.67,Sugarcane
187.69,95.88,97.16,27.18,68.31,7.55,226.02,Sugarcane
185.05,77.76,76.9,28.55,78.62,7.85,176.88,Sugarcane
169.43,63.05,78.96,32.01,87.39,7.16,236.64,Sugarcane
197.68,71.05,91.0,27.07,62.62,7.13,198.79,Sugarcane
209.91,72.94,93.05,25.39,75.58,7.37,165.7,Sugarcane
196.75,74.33,86.38,26.24,76.84,6.43,210.5,Sugarcane
177.09,82.63,123.05,25.42,79.27,6.64,231.23,Sugarcane
169.69,76.81,84.52,27.38,66.75,7.41,174.89,Sugarcane
206.04,68.56,93.63,28.44,68.91,7.11,245.91,Sugarcane
179.44,83.72,112.98,25.55,63.36,7.15,183.58,Sugarcane
232.37,72.35,85.37,24.56,83.72,6.71,201.31,Sugarcane
214.12,67.16,94.45,27.95,80.47,7.3,193.4,Sugarcane
196.27,68.28,77.27,28.77,90.14,6.56,176.81,Sugarcane
177.59,79.25,100.38,27.52,67.66,7.05,153.06,Sugarcane
197.87,80.72,79.99,23.4,87.64,6.69,234.08,Sugarcane
191.92,70.38,100.26,25.35,76.06,6.81,160.39,Sugarcane
201.75,69.37,93.12,24.37,87.73,7.44,228.92,Sugarcane
188.89,54.71,118.44,27.82,69.01,7.21,235.01,Sugarcane
194.54,84.79,108.0,24.77,69.61,7.48,118.62,Sugarcane
192.01,57.69,89.28,27.1,72.13,6.72,167.09,Sugarcane
240.84,90.67,81.06,32.75,71.8,7.06,198.1,Sugarcane
181.81,81.84,96.51,26.57,64.56,6.55,150.76,Sugarcane
195.24,60.03,91.81,32.11,84.59,6.98,197.39,Sugarcane
232.6,77.21,91.07,23.72,78.15,7.41,181.05,Sugarcane
200.82,68.36,92.79,20.54,73.23,7.48,181.06,Sugarcane
196.05,64.44,99.33,27.35,67.49,7.67,227.87,Sugarcane
182.9,76.98,101.45,29.93,61.45,7.5,182.91,Sugarcane
187.84,98.38,98.62,26.84,57.36,7.69,159.64,Sugarcane
174.93,68.69,112.0,30.32,73.74,7.15,181.99,Sugarcane
197.79,72.73,106.63,30.9,78.95,6.82,222.25,Sugarcane
193.16,61.18,90.16,28.25,82.28,6.91,163.72,Sugarcane
196.13,73.13,97.23,30.76,83.15,6.7,181.52,Sugarcane
174.2,78.99,112.39,27.05,73.07,7.73,215.17,Sugarcane
203.72,60.09,103.14,25.21,65.93,6.83,182.43,Sugarcane
190.57,57.59,106.51,31.38,59.42,7.49,175.68,Sugarcane
212.14,71.32,95.35,27.44,84.7,6.38,218.24,Sugarcane
217.03,79.16,122.9,26.41,82.66,6.95,237.0,Sugarcane
194.85,68.12,110.67,26.53,63.7,6.74,218.57,Sugarcane
222.84,73.11,110.82,23.93,71.45,6.86,196.56,Sugarcane
196.68,78.91,89.66,28.42,74.64,6.54,196.59,Sugarcane
192.13,70.35,95.38,28.23,71.54,7.64,164.92,Sugarcane
180.58,99.8,82.54,23.94,80.88,5.96,192.94,Sugarcane
237.92,56.55,71.22,23.5,82.19,7.56,184.62,Sugarcane
208.66,85.9,116.45,27.26,56.59,6.59,187.2,Sugarcane
189.82,70.12,108.43,31.82,73.63,7.55,210.73,Sugarcane
196.29,81.07,95.87,34.17,63.49,6.74,196.2,Sugarcane
203.79,84.68,94.71,23.73,81.74,7.38,141.74,Sugarcane
194.92,56.1,87.02,25.29,81.47,7.06,161.43,Sugarcane
212.6,57.66,98.96,25.56,72.07,7.25,215.64,Sugarcane
221.74,71.18,98.68,26.69,76.46,7.22,197.05,Sugarcane
158.92,75.31,99.37,25.96,64.72,7.74,214.74,Sugarcane
190.42,60.63,85.14,31.91,76.1,6.72,215.29,Sugarcane
178.71,87.01,111.23,26.6,69.97,5.69,155.55,Sugarcane
168.21,73.35,91.09,23.96,72.75,7.25,215.84,Sugarcane
157.01,70.72,78.4,30.71,81.27,6.55,177.02,Sugarcane
185.77,49.47,99.03,27.18,82.76,6.45,181.43,Sugarcane
164.87,61.96,80.82,30.99,69.41,7.06,188.58,Sugarcane
169.61,70.32,102.19,24.38,81.47,6.58,185.51,Sugarcane
205.61,65.37,95.45,27.06,76.03,5.81,145.11,Sugarcane
207.32,82.37,84.07,27.27,77.36,7.35,139.17,Sugarcane
177.28,68.67,103.44,35.5,73.18,6.3,212.07,Sugarcane
221.42,73.08,84.12,30.87,80.31,6.49,211.44,Sugarcane
214.95,83.82,94.2,26.93,84.82,6.39,213.16,Sugarcane
167.6,82.65,91.9,31.81,78.93,6.39,242.74,Sugarcane
226.02,80.82,85.86,27.08,76.16,6.65,250.77,Sugarcane
197.89,44.97,99.07,26.96,74.4,6.82,224.21,Sugarcane
217.39,74.83,90.93,27.88,75.16,6.6,217.37,Sugarcane
204.2,87.4,110.06,25.94,81.56,6.52,220.88,Sugarcane
184.67,61.77,98.36,19.98,60.99,6.91,202.47,Sugarcane
187.61,56.21,85.19,29.17,79.65,6.99,234.71,Sugarcane
202.95,64.53,91.63,23.79,74.13,7.56,220.56,Sugarcane
223.04,68.97,111.15,27.42,86.77,6.99,221.22,Sugarcane
224.5,70.07,97.62,31.87,73.94,6.34,264.29,Sugarcane
185.6,73.59,108.87,26.17,66.94,7.13,146.21,Sugarcane
189.24,74.45,91.76,23.37,87.75,7.05,242.93,Sugarcane
189.8,63.2,98.23,27.35,65.58,7.73,181.33,Sugarcane
158.19,85.28,88.95,26.18,60.88,7.87,161.32,Sugarcane
196.17,81.13,100.06,27.82,61.39,6.6,205.63,Sugarcane
179.26,74.03,103.18,30.89,65.19,8.1,223.02,Sugarcane
194.97,82.9,123.38,23.68,73.2,5.81,205.78,Sugarcane
202.31,71.61,87.15,21.85,77.99,7.73,182.27,Sugarcane
203.8,56.32,100.49,26.82,68.9,6.62,188.19,Sugarcane
202.65,58.88,90.23,27.88,66.21,7.9,174.4,Sugarcane
181.61,62.22,116.58,29.66,67.51,7.55,206.02,Sugarcane
200.15,68.56,86.01,29.01,70.64,7.91,161.92,Sugarcane
225.72,70.89,98.59,30.5,69.96,7.43,118.77,Sugarcane
180.6,62.76,79.96,27.36,78.09,7.35,207.23,Sugarcane
181.69,75.69,96.49,30.81,81.22,7.02,173.08,Sugarcane
181.94,66.5,91.22,28.8,80.72,6.97,200.48,Sugarcane
197.87,66.84,83.9,22.73,69.44,7.24,178.91,Sugarcane
190.24,76.66,101.25,24.76,82.98,7.56,166.1,Sugarcane
178.52,83.91,93.24,21.34,63.8,6.88,165.11,Sugarcane
186.73,72.32,112.55,27.13,83.58,7.71,243.03,Sugarcane
200.7,52.37,100.53,31.15,74.35,7.87,225.8,Sugarcane
206.37,82.86,99.0,20.52,71.01,7.6,175.77,Sugarcane
190.53,61.55,116.41,33.04,67.93,7.07,179.59,Sugarcane
207.3,77.1,104.74,29.0,98.48,6.49,148.68,Sugarcane
187.14,56.32,77.09,25.0,67.62,6.52,215.55,Sugarcane
184.88,70.2,105.73,25.7,72.88,7.18,141.75,Sugarcane
147.3,75.46,100.9,34.19,76.26,7.41,194.14,Sugarcane
200.94,88.67,69.51,29.24,92.08,7.14,249.52,Sugarcane
182.42,71.68,95.4,21.35,65.65,6.45,224.66,Sugarcane
212.44,75.24,104.89,27.51,84.62,7.0,201.74,Sugarcane
189.69,78.84,89.95,30.93,65.94,6.45,220.62,Sugarcane
193.23,67.46,105.68,26.18,73.4,7.7,246.17,Sugarcane
226.45,69.18,109.77,25.15,67.74,5.82,250.19,Sugarcane
177.72,70.73,84.08,30.09,71.99,6.35,213.25,Sugarcane
166.33,63.63,69.72,23.73,76.43,6.02,155.57,Sugarcane
194.95,66.56,118.9,33.5,68.06,7.28,222.48,Sugarcane
183.05,57.04,94.85,27.48,71.51,7.22,177.48,Sugarcane
171.96,73.09,99.63,24.47,82.42,6.11,182.66,Sugarcane
189.84,65.64,88.22,33.61,68.19,8.22,213.11,Sugarcane
196.84,76.76,125.36,25.02,66.04,6.62,200.96,Sugarcane
160.48,72.22,115.32,28.45,72.66,6.69,226.96,Sugarcane
178.48,90.46,118.2,28.77,74.91,7.52,232.84,Sugarcane
178.88,66.73,79.13,29.23,80.33,6.33,186.34,Sugarcane
168.05,63.01,101.61,25.8,72.59,6.19,205.61,Sugarcane
194.11,64.71,92.73,28.54,68.48,6.26,254.17,Sugarcane
182.33,71.03,107.13,38.59,65.04,7.22,178.77,Sugarcane
184.22,64.8,81.49,27.88,63.2,7.47,201.65,Sugarcane
203.45,67.34,90.59,28.86,65.69,6.82,174.21,Sugarcane
177.19,50.9,111.07,25.94,84.31,7.53,161.42,Sugarcane
173.23,97.61,116.01,27.91,77.06,6.68,212.97,Sugarcane
180.66,51.68,79.14,28.06,65.95,6.97,167.76,Sugarcane
179.35,80.53,97.97,27.97,82.03,7.24,243.4,Sugarcane
185.8,67.7,79.39,26.71,82.72,7.65,228.81,Sugarcane
159.12,82.83,72.94,30.69,72.06,7.35,160.03,Sugarcane
218.42,57.35,86.98,25.01,60.97,7.05,254.18,Sugarcane
248.34,72.97,108.4,28.7,78.99,6.83,205.85,Sugarcane
205.75,66.22,94.07,27.82,81.61,6.47,198.45,Sugarcane
233.24,83.64,111.19,28.07,77.57,7.5,246.81,Sugarcane
155.97,58.85,110.71,27.17,69.63,6.37,183.35,Sugarcane
166.95,92.91,94.73,27.83,79.7,7.48,228.38,Sugarcane
216.47,65.69,91.43,30.31,70.78,7.0,211.96,Sugarcane
125.99,43.78,38.57,15.92,62.24,7.11,123.94,Wheat
133.95,68.77,42.22,17.23,58.19,7.15,108.18,Wheat
110.67,61.24,34.82,14.37,65.74,6.82,131.88,Wheat
92.24,53.55,35.16,19.34,60.4,6.92,74.71,Wheat
98.8,60.58,28.18,15.17,61.01,6.41,123.9,Wheat
132.14,45.43,30.34,10.79,53.3,7.11,87.55,Wheat
121.45,45.82,38.99,15.11,58.07,6.76,72.11,Wheat
98.86,65.74,36.99,19.13,59.95,6.86,63.93,Wheat
111.21,57.78,44.77,18.22,67.22,7.04,82.2,Wheat
116.64,59.89,30.3,15.54,56.77,7.44,57.55,Wheat
131.88,50.51,28.14,19.45,62.39,7.3,109.41,Wheat
143.84,62.47,34.22,17.36,65.46,6.49,83.27,Wheat
110.67,41.16,35.69,11.78,58.32,7.15,86.42,Wheat
138.48,46.32,40.96,18.19,47.7,7.88,93.85,Wheat
102.72,46.74,33.9,16.18,58.62,6.68,106.4,Wheat
109.57,42.52,34.25,10.58,60.12,6.41,97.94,Wheat
133.4,50.41,40.31,15.42,68.52,6.65,79.87,Wheat
124.62,54.51,30.79,15.31,57.73,7.34,60.19,Wheat
115.32,63.0,35.97,19.77,57.55,6.73,105.66,Wheat
116.39,54.88,37.58,14.87,54.33,6.59,119.36,Wheat
69.91,61.16,35.17,12.3,59.86,6.99,105.61,Wheat
77.87,68.93,31.31,18.22,62.45,6.45,106.89,Wheat
109.6,41.43,40.84,14.56,52.87,6.64,99.9,Wheat
114.2,62.38,28.3,14.64,57.3,7.56,92.95,Wheat
130.19,58.31,32.58,15.88,56.99,7.04,119.74,Wheat
120.04,67.5,30.18,15.46,53.65,6.93,88.54,Wheat
125.22,50.55,35.22,18.22,45.61,7.65,89.9,Wheat
86.65,59.26,35.17,16.3,63.95,7.1,100.36,Wheat
121.3,57.17,43.88,12.8,58.84,6.83,109.64,Wheat
103.19,44.05,35.78,17.2,66.94,6.29,115.78,Wheat
148.14,54.98,28.55,15.48,58.08,7.03,84.35,Wheat
136.77,49.08,26.3,19.27,44.35,6.72,151.12,Wheat
114.83,49.03,34.71,16.37,58.96,7.06,76.3,Wheat
138.63,59.96,38.63,14.93,65.72,6.7,100.0,Wheat
101.94,50.02,38.44,15.39,52.88,6.54,107.58,Wheat
106.19,57.06,35.08,11.71,49.17,6.93,81.73,Wheat
129.79,65.73,38.6,21.05,57.5,7.06,84.48,Wheat
149.33,73.87,35.06,17.47,66.16,6.74,83.18,Wheat
127.24,58.63,35.91,14.41,47.69,6.89,111.29,Wheat
111.84,69.49,31.48,13.86,57.6,6.77,108.86,Wheat
104.15,68.94,44.83,16.4,65.5,6.38,114.35,Wheat
129.66,64.91,34.92,9.11,54.15,6.55,77.39,Wheat
116.71,54.65,30.88,13.85,53.71,7.25,83.1,Wheat
107.79,54.35,36.69,17.64,39.73,7.21,120.85,Wheat
100.3,50.22,32.75,14.61,59.34,6.02,74.88,Wheat
136.55,50.57,41.22,17.39,47.14,7.05,92.88,Wheat
108.62,59.96,37.37,18.27,65.07,6.96,70.24,Wheat
108.37,81.54,38.62,22.42,66.37,6.9,100.43,Wheat
114.49,44.1,35.09,19.53,54.4,6.96,110.33,Wheat
102.26,54.39,29.91,14.44,50.27,6.44,120.55,Wheat
102.18,59.01,32.49,19.45,65.87,7.15,100.51,Wheat
111.77,48.47,44.72,14.6,61.98,7.22,85.0,Wheat
129.53,64.11,43.64,15.33,50.28,6.6,98.76,Wheat
115.81,54.85,25.45,17.68,69.83,6.99,105.96,Wheat
123.01,61.18,39.66,17.49,56.12,6.48,90.52,Wheat
119.4,55.47,36.57,17.6,63.0,7.31,96.4,Wheat
96.69,55.24,35.22,11.91,66.33,6.86,101.86,Wheat
134.12,52.96,37.87,16.23,56.9,6.49,124.98,Wheat
109.74,63.6,25.62,19.45,64.31,6.84,90.92,Wheat
120.6,76.31,26.18,18.46,52.53,6.79,90.54,Wheat
109.0,57.92,29.33,19.07,47.24,7.02,89.12,Wheat
98.61,59.62,27.22,16.6,49.46,6.98,78.36,Wheat
108.69,60.35,31.14,16.36,48.92,7.05,126.77,Wheat
154.09,58.73,38.94,12.05,67.02,7.11,86.29,Wheat
132.32,55.96,32.71,17.69,51.62,7.21,75.99,Wheat
100.3,50.72,38.8,14.96,49.91,6.56,94.42,Wheat
98.47,48.79,45.56,14.35,56.06,6.65,87.42,Wheat
123.7,65.59,33.47,13.41,65.65,6.76,126.15,Wheat
83.56,59.56,44.59,15.62,56.65,6.92,84.94,Wheat
110.63,55.3,31.86,19.57,60.77,6.9,109.55,Wheat
111.3,51.81,31.99,16.5,51.64,6.6,85.71,Wheat
144.74,35.81,34.1,20.81,58.73,7.1,96.8,Wheat
105.66,40.06,36.03,14.56,53.2,6.6,126.41,Wheat
148.67,59.74,32.68,13.56,60.81,7.51,90.55,Wheat
81.69,63.36,39.93,12.54,59.06,6.98,93.68,Wheat
103.93,66.13,32.98,12.79,45.7,7.3,106.1,Wheat
116.23,54.48,32.36,13.81,55.41,5.95,81.75,Wheat
110.65,62.88,34.8,18.49,66.09,7.22,103.47,Wheat
115.17,50.15,38.7,20.7,60.05,7.57,67.54,Wheat
98.84,64.84,36.32,19.78,57.91,6.45,91.16,Wheat
93.54,48.97,39.86,18.68,60.18,6.11,88.55,Wheat
97.85,67.41,32.08,13.79,58.18,6.54,121.71,Wheat
104.71,46.81,24.24,16.42,54.63,6.23,116.41,Wheat
124.34,57.77,41.82,18.16,53.06,6.38,109.72,Wheat
120.55,59.36,30.77,18.02,53.47,6.76,121.04,Wheat
105.75,45.42,29.74,18.99,59.53,6.75,85.84,Wheat
121.8,51.21,36.53,14.67,52.61,6.55,88.24,Wheat
114.32,59.88,16.56,14.48,55.65,7.4,75.56,Wheat
117.28,69.96,28.44,17.48,53.19,6.6,80.54,Wheat
104.75,79.78,39.22,19.25,60.95,6.16,102.11,Wheat
130.02,51.17,39.83,18.26,69.11,6.63,75.24,Wheat
109.94,69.48,25.86,11.33,58.54,6.62,95.14,Wheat
128.23,53.58,25.63,21.61,52.02,6.38,114.87,Wheat
109.62,57.49,37.41,19.21,56.0,7.41,56.56,Wheat
125.64,51.28,41.86,16.86,53.96,7.07,111.08,Wheat
123.99,49.76,32.58,16.49,57.75,7.1,58.73,Wheat
119.68,55.68,30.81,14.64,56.71,5.36,82.38,Wheat
102.74,62.26,30.97,15.96,67.25,7.2,111.24,Wheat
108.0,62.34,33.83,16.01,60.46,6.56,121.87,Wheat
112.76,62.95,42.28,19.08,49.55,6.98,110.31,Wheat
127.49,49.09,31.71,18.99,53.43,6.68,123.37,Wheat
114.33,52.19,30.61,17.33,50.0,6.7,101.0,Wheat
133.19,63.34,31.43,19.45,56.2,6.31,91.9,Wheat
135.13,59.32,35.06,20.59,49.41,6.29,65.91,Wheat
120.22,59.33,42.71,17.11,55.58,6.8,97.12,Wheat
91.6,79.68,37.6,17.03,61.69,7.08,92.47,Wheat
106.16,62.8,36.93,14.48,66.51,6.92,108.14,Wheat
134.49,58.18,36.58,18.53,53.65,6.82,97.26,Wheat
101.62,76.54,27.96,13.25,65.89,7.09,76.53,Wheat
123.5,69.74,34.85,23.0,47.66,7.08,116.0,Wheat
127.48,56.37,33.55,17.61,62.89,7.04,113.72,Wheat
100.74,56.18,30.3,15.53,64.09,6.84,141.92,Wheat
117.71,58.48,35.53,14.91,57.65,7.25,97.05,Wheat
103.89,50.6,32.75,16.68,65.16,6.26,89.24,Wheat
117.02,43.33,30.83,14.8,53.22,6.88,92.11,Wheat
107.23,61.42,43.62,20.6,46.46,7.03,91.8,Wheat
117.17,54.81,35.59,16.88,54.53,6.44,86.92,Wheat
118.28,62.79,39.27,15.26,59.7,7.19,115.98,Wheat
114.18,56.23,35.96,13.63,56.84,7.1,106.56,Wheat
111.22,59.74,30.88,18.26,57.53,6.69,88.49,Wheat
114.12,54.42,38.29,15.51,67.56,7.39,78.95,Wheat
115.98,52.79,33.37,21.51,56.15,6.94,104.74,Wheat
100.99,51.16,28.97,14.29,40.9,7.02,131.98,Wheat
117.07,46.67,31.79,15.35,51.89,7.14,109.58,Wheat
98.82,63.8,42.63,21.26,75.19,6.44,145.84,Wheat
110.04,53.26,36.64,15.04,60.39,6.27,90.7,Wheat
133.0,57.54,35.71,17.69,65.02,6.14,105.52,Wheat
111.25,59.33,40.3,13.51,51.92,6.03,85.12,Wheat
133.63,57.04,28.3,15.29,49.07,6.35,102.0,Wheat
98.57,66.9,34.64,16.71,56.33,7.11,109.1,Wheat
119.69,62.52,33.94,17.86,55.97,6.8,90.06,Wheat
108.6,52.49,37.34,19.78,65.03,6.3,118.21,Wheat
110.55,62.81,30.47,16.85,59.88,6.21,105.95,Wheat
133.84,56.6,41.8,16.03,63.1,5.91,138.54,Wheat
135.94,55.72,25.14,17.22,49.34,6.98,102.41,Wheat
101.82,66.97,39.03,18.94,58.05,6.23,112.6,Wheat
111.21,46.88,41.76,21.75,57.75,7.66,96.64,Wheat
109.67,52.96,43.19,14.55,62.41,6.58,86.71,Wheat
129.42,54.96,32.98,19.33,67.58,7.06,83.21,Wheat
107.85,58.64,36.6,14.03,62.34,6.83,64.12,Wheat
102.0,53.97,34.64,21.22,59.43,6.46,98.97,Wheat
110.07,60.6,37.9,19.52,57.85,7.46,111.34,Wheat
105.1,75.68,36.63,14.41,67.92,7.63,94.41,Wheat
107.95,56.62,38.57,19.69,61.42,6.84,121.96,Wheat
110.62,66.25,33.56,17.58,57.32,6.78,88.21,Wheat
133.83,52.14,31.3,21.8,63.87,5.85,84.83,Wheat
89.63,50.39,19.31,16.16,51.15,6.82,65.75,Wheat
116.16,54.68,42.51,20.03,62.71,6.67,130.74,Wheat
93.26,46.77,34.58,22.14,56.79,6.73,69.05,Wheat
128.24,65.63,38.95,14.93,53.76,6.28,96.51,Wheat
99.87,48.58,32.88,15.28,54.77,6.99,96.42,Wheat
110.97,59.46,30.04,16.76,58.9,6.2,112.92,Wheat
102.66,58.72,40.82,18.81,58.21,6.66,112.06,Wheat
124.45,53.05,31.03,11.32,58.92,6.77,115.45,Wheat
120.03,68.67,31.51,19.35,54.83,7.11,68.74,Wheat
118.29,42.12,33.66,17.6,54.87,6.38,110.23,Wheat
113.55,54.08,35.21,23.09,64.92,7.27,102.84,Wheat
117.33,38.83,31.61,15.3,46.75,6.34,59.34,Wheat
114.46,64.55,40.53,17.54,52.22,6.03,63.38,Wheat
97.23,50.89,34.2,13.96,60.03,6.71,95.19,Wheat
130.96,48.56,37.09,16.47,56.0,7.15,110.82,Wheat
101.75,56.54,36.41,15.82,61.51,6.91,127.99,Wheat
93.58,57.02,30.46,18.01,48.3,6.94,83.66,Wheat
104.72,46.43,32.67,19.21,57.85,7.05,124.96,Wheat
118.69,53.53,37.34,15.14,54.97,6.19,111.67,Wheat
109.6,59.46,29.82,17.59,53.43,6.74,110.8,Wheat
126.07,57.82,26.16,23.98,68.48,7.09,81.44,Wheat
113.41,53.65,41.32,17.16,53.3,6.61,115.18,Wheat
137.4,70.23,38.79,15.87,38.55,6.92,94.97,Wheat
116.96,58.43,28.37,17.89,61.79,7.07,112.04,Wheat
123.46,54.72,34.65,16.73,58.65,7.2,106.59,Wheat
144.08,75.65,35.4,6.91,65.42,6.58,80.57,Wheat
109.42,54.43,38.06,12.6,51.53,6.94,106.21,Wheat
123.98,51.7,30.11,15.23,59.44,7.39,58.15,Wheat
111.91,47.34,26.74,18.92,61.27,6.98,111.58,Wheat
108.28,54.54,45.93,15.88,62.41,6.8,61.73,Wheat
86.38,53.37,40.28,18.47,63.48,6.41,124.09,Wheat
101.49,59.7,34.95,16.07,66.03,6.52,70.71,Wheat
115.28,54.8,51.89,18.19,55.54,6.38,61.15,Wheat
100.65,58.92,42.14,19.3,59.37,6.67,99.84,Wheat
107.74,71.75,34.05,16.28,44.71,6.72,110.06,Wheat
100.05,51.99,38.96,12.81,64.35,6.59,88.01,Wheat
99.27,61.02,47.3,18.45,52.81,7.25,89.3,Wheat
134.24,64.45,20.28,13.99,63.67,6.86,76.57,Wheat
106.13,42.75,34.56,22.03,62.83,7.68,110.88,Wheat
129.38,73.79,36.89,16.03,64.2,7.38,86.36,Wheat
104.9,59.11,39.16,18.5,49.45,7.56,83.46,Wheat
111.29,50.78,48.49,17.11,52.89,7.15,108.84,Wheat
112.37,64.72,30.87,15.27,45.94,6.27,127.54,Wheat
137.98,58.53,43.31,16.1,56.54,6.82,92.75,Wheat
111.99,67.15,35.75,18.28,64.19,6.96,77.54,Wheat
96.06,59.19,34.14,16.72,57.9,7.83,71.06,Wheat
87.14,60.66,33.12,17.29,61.5,7.31,67.87,Wheat
107.21,61.43,38.85,21.98,63.73,6.78,78.97,Wheat
107.1,53.26,38.28,17.14,50.06,6.63,110.8,Wheat
119.92,62.55,36.91,20.57,59.42,6.65,78.52,Wheat
118.49,38.47,34.08,15.99,49.81,6.43,109.57,Wheat
118.23,58.81,36.53,16.73,65.46,6.85,68.75,Wheat
137.82,60.96,32.05,13.37,60.38,6.75,123.33,Wheat
110.16,51.3,39.48,18.81,59.01,7.07,94.32,Wheat
49.87,34.99,22.5,28.41,55.82,5.42,76.62,Millet
34.35,24.24,19.84,28.49,53.05,6.07,55.13,Millet
43.37,29.77,19.74,29.33,40.6,6.34,55.45,Millet
55.55,24.41,16.52,31.15,44.74,7.02,41.13,Millet
33.76,24.8,16.93,28.72,39.91,6.97,48.54,Millet
49.2,28.95,20.78,28.92,49.08,6.2,68.79,Millet
46.11,20.13,20.75,26.02,50.32,7.7,42.56,Millet
50.66,17.47,21.82,25.9,40.0,6.05,60.79,Millet
56.06,28.14,16.54,34.56,39.0,5.52,57.5,Millet
39.16,33.93,18.48,31.11,56.21,6.0,45.21,Millet
47.39,37.23,17.37,26.92,48.83,6.31,53.83,Millet
35.59,41.29,14.61,27.87,44.74,7.56,36.1,Millet
63.87,32.54,21.67,25.55,49.57,6.24,67.2,Millet
40.23,27.32,17.78,25.54,50.93,6.87,66.51,Millet
33.76,34.39,30.02,27.42,60.16,6.47,35.53,Millet
45.55,34.29,16.65,26.9,49.75,6.6,59.02,Millet
49.9,30.88,18.27,29.81,37.58,7.24,44.39,Millet
57.03,26.6,20.81,27.27,36.87,5.73,39.34,Millet
45.41,29.27,24.04,27.44,37.94,5.88,57.76,Millet
59.07,35.6,22.84,31.23,58.58,6.77,59.75,Millet
45.43,19.83,17.26,28.97,45.49,7.56,52.98,Millet
57.43,25.39,18.75,24.35,39.06,6.86,52.09,Millet
55.54,29.09,18.59,36.52,44.25,7.18,47.19,Millet
53.68,33.57,20.83,20.76,45.15,7.22,58.33,Millet
51.57,17.67,17.12,30.44,48.28,7.21,50.26,Millet
51.25,28.1,16.05,21.1,48.45,6.69,44.58,Millet
35.05,31.78,18.94,30.95,59.91,5.53,43.6,Millet
46.32,36.73,13.45,35.78,46.09,6.55,49.62,Millet
44.51,34.29,15.73,30.21,41.93,6.22,83.03,Millet
51.35,31.68,24.55,24.03,59.02,5.35,42.77,Millet
44.33,31.49,20.87,28.42,44.9,6.11,34.03,Millet
53.81,32.16,26.34,26.23,50.54,6.46,66.29,Millet
56.18,29.27,18.64,32.36,50.18,6.26,36.07,Millet
45.69,37.09,24.59,25.11,35.66,7.24,38.37,Millet
52.07,24.3,26.47,26.3,54.15,6.69,55.03,Millet
32.24,14.78,19.12,29.86,36.0,6.06,58.74,Millet
52.5,27.17,23.12,24.89,42.15,7.42,52.82,Millet
49.01,41.84,14.4,31.79,58.31,6.44,62.32,Millet
40.14,23.88,21.54,31.79,53.97,7.38,51.19,Millet
57.55,25.95,23.61,29.73,48.57,6.81,32.74,Millet
39.01,28.62,13.25,31.91,51.97,6.76,38.55,Millet
59.04,40.22,20.59,30.79,46.61,6.87,50.57,Millet
47.72,33.43,29.38,24.1,44.17,6.01,71.1,Millet
43.3,19.34,22.55,35.11,50.31,6.7,56.91,Millet
59.32,22.75,19.55,27.42,35.66,6.44,65.29,Millet
52.53,31.87,20.59,30.83,38.6,6.45,54.3,Millet
50.22,29.92,19.45,27.68,70.26,7.05,56.96,Millet
46.13,25.29,19.48,30.02,29.96,5.82,44.36,Millet
49.66,26.56,25.91,23.81,38.99,7.36,53.57,Millet
55.08,40.31,17.22,28.65,42.82,5.62,48.28,Millet
55.05,31.24,22.48,27.69,39.75,7.23,46.03,Millet
50.35,28.98,25.85,32.4,34.64,6.01,58.95,Millet
47.49,25.27,24.06,29.66,45.42,6.99,47.5,Millet
60.55,23.27,22.63,34.02,33.98,6.43,65.71,Millet
57.26,26.97,17.06,32.35,54.47,6.02,37.55,Millet
49.8,31.78,18.8,31.38,39.32,5.54,46.91,Millet
48.51,26.34,15.37,22.65,40.89,7.05,67.07,Millet
57.5,23.1,15.39,30.74,50.08,6.8,27.83,Millet
41.06,27.82,21.95,31.69,46.15,6.77,53.02,Millet
53.48,29.88,20.26,28.06,45.65,6.84,55.21,Millet
51.05,36.06,21.06,26.73,52.07,5.92,39.02,Millet
50.69,31.1,15.02,27.66,40.15,6.36,63.32,Millet
53.65,27.89,17.82,24.28,56.36,6.9,43.52,Millet
53.76,27.58,18.85,30.52,39.07,6.43,53.46,Millet
44.0,32.01,27.48,26.36,31.68,5.6,50.19,Millet
42.69,29.25,20.53,23.39,30.48,6.75,53.63,Millet
44.59,18.06,21.89,33.45,47.22,6.18,52.53,Millet
37.07,34.35,20.33,22.81,42.59,6.83,48.0,Millet
45.79,20.65,22.27,26.73,27.75,6.41,63.77,Millet
44.9,38.43,21.72,30.19,43.97,6.57,48.84,Millet
45.58,31.19,16.26,25.23,36.01,7.62,58.36,Millet
50.44,21.65,22.49,28.59,46.71,6.11,53.92,Millet
44.61,23.41,22.94,23.62,49.52,6.94,41.44,Millet
41.44,26.66,21.13,28.47,48.47,7.48,45.91,Millet
34.28,32.96,26.73,30.37,36.3,6.54,38.58,Millet
53.14,19.89,18.8,25.48,46.01,6.42,54.12,Millet
48.18,22.08,22.51,28.83,37.09,7.72,57.72,Millet
46.77,36.49,27.37,28.49,47.78,6.11,50.23,Millet
46.41,29.11,21.33,30.96,46.9,5.99,40.74,Millet
43.63,26.31,24.2,24.93,42.14,7.08,48.4,Millet
51.68,27.16,21.03,28.2,50.34,5.83,47.64,Millet
50.37,31.2,25.97,27.63,56.84,6.27,67.94,Millet
54.54,22.52,21.23,28.82,50.0,6.49,48.31,Millet
58.95,27.41,23.31,28.21,58.33,6.26,44.63,Millet
60.2,25.33,26.4,32.12,43.76,5.69,51.77,Millet
48.81,35.0,26.35,26.6,51.41,6.98,64.88,Millet
51.99,16.35,19.38,24.96,43.38,7.09,55.66,Millet
57.18,30.05,14.81,20.18,46.19,6.49,40.28,Millet
34.39,23.59,19.22,31.33,46.51,7.4,39.57,Millet
55.05,28.28,22.78,27.47,53.57,6.75,43.85,Millet
47.9,26.56,21.96,24.87,44.77,6.8,52.4,Millet
58.78,32.64,19.97,29.76,47.37,6.8,30.09,Millet
45.59,19.09,25.11,28.79,43.45,7.05,57.07,Millet
38.97,27.57,18.66,22.89,39.48,6.51,50.62,Millet
36.14,34.91,19.59,29.13,48.21,6.21,57.48,Millet
45.06,22.62,22.29,34.22,50.8,7.06,45.75,Millet
35.22,36.94,28.22,34.4,42.31,6.02,39.21,Millet
34.53,27.36,26.42,28.5,47.42,7.29,47.15,Millet
64.28,39.95,19.48,26.98,50.58,6.43,38.12,Millet
58.25,35.3,20.62,24.58,35.16,6.65,46.0,Millet
45.27,34.13,22.93,33.82,37.08,6.43,61.11,Millet
51.58,37.19,21.68,35.47,49.32,7.13,48.12,Millet
48.11,33.47,26.45,31.55,44.33,7.29,25.7,Millet
36.62,32.09,20.06,31.12,45.52,6.89,42.23,Millet
52.56,33.97,24.88,36.05,46.95,6.74,33.72,Millet
43.75,26.84,24.2,26.86,51.37,6.6,49.87,Millet
49.99,25.65,18.28,23.03,43.02,6.36,45.81,Millet
51.33,31.95,20.93,32.48,49.6,6.45,46.45,Millet
50.5,31.44,25.59,33.17,40.67,6.55,60.05,Millet
56.54,33.63,19.74,24.61,37.01,6.74,56.11,Millet
39.21,28.27,22.52,24.97,53.84,6.41,67.09,Millet
43.73,21.84,18.17,28.67,41.89,6.49,56.01,Millet
46.63,27.6,13.16,30.37,44.29,7.41,40.73,Millet
33.53,31.71,21.39,25.47,32.76,7.37,68.97,Millet
28.1,25.25,26.66,27.33,41.08,6.46,38.55,Millet
34.36,34.32,12.63,29.87,52.09,5.87,40.91,Millet
57.71,31.2,17.53,33.21,54.65,6.73,41.2,Millet
44.69,29.72,19.25,32.29,32.76,5.85,54.17,Millet
44.07,24.24,12.93,29.07,44.58,6.93,52.83,Millet
46.94,35.06,14.75,30.88,31.63,6.18,37.45,Millet
54.26,27.61,19.95,25.13,42.6,6.22,56.6,Millet
40.07,35.98,13.3,26.18,58.42,6.38,36.22,Millet
49.75,25.15,16.66,25.16,67.15,6.47,28.89,Millet
59.95,31.67,16.93,25.73,50.39,6.48,28.89,Millet
62.3,25.4,25.98,33.47,36.99,7.12,44.18,Millet
33.07,25.45,21.59,27.38,42.54,7.17,53.28,Millet
41.25,32.21,20.79,20.17,48.43,6.8,52.24,Millet
55.13,23.97,21.35,23.52,48.26,7.58,40.06,Millet
41.92,23.74,20.52,25.28,48.37,7.02,58.41,Millet
33.85,33.97,23.75,31.91,47.98,6.71,64.39,Millet
63.39,22.28,24.31,28.7,43.96,5.83,48.58,Millet
40.02,25.22,15.61,27.43,41.75,6.65,32.62,Millet
36.44,30.17,16.81,32.76,46.8,6.9,68.93,Millet
45.52,24.55,23.49,30.78,43.5,7.3,49.45,Millet
48.26,28.13,16.26,29.27,56.17,6.82,52.37,Millet
46.71,29.99,23.0,31.13,42.35,6.76,57.76,Millet
39.94,29.01,11.35,30.69,50.28,6.97,47.26,Millet
50.47,36.54,25.66,28.9,46.11,7.16,33.99,Millet
45.42,36.01,23.9,30.29,32.95,6.58,44.92,Millet
50.65,23.14,15.9,21.77,54.77,6.4,53.89,Millet
47.98,21.6,14.96,25.48,39.21,6.78,42.45,Millet
61.97,34.16,23.23,28.58,57.11,6.49,51.62,Millet
49.36,32.21,22.55,27.34,40.74,6.92,60.58,Millet
44.85,18.48,19.17,31.18,59.44,6.0,46.88,Millet
44.88,36.13,19.86,25.82,49.47,6.4,37.31,Millet
40.86,38.4,21.54,29.38,43.0,6.75,55.36,Millet
50.34,28.69,23.48,29.08,37.18,6.29,28.25,Millet
64.21,33.18,16.68,28.01,39.9,7.37,34.96,Millet
48.92,27.35,23.31,28.64,30.93,6.47,40.33,Millet
48.64,36.61,13.04,26.2,40.58,6.41,60.88,Millet
46.61,30.49,17.5,29.8,51.22,6.23,61.38,Millet
48.42,34.27,19.19,30.33,44.68,6.55,55.11,Millet
52.29,20.5,25.73,22.49,39.52,6.55,56.95,Millet
60.61,16.85,17.97,21.56,45.25,6.74,71.09,Millet
48.97,34.26,22.34,27.48,33.73,6.74,34.09,Millet
58.36,27.03,24.78,27.32,47.15,6.7,51.46,Millet
44.54,30.35,16.3,24.77,54.94,6.96,52.79,Millet
61.32,26.39,25.29,29.61,36.8,7.52,63.89,Millet
47.03,32.36,18.39,31.9,25.87,6.09,63.75,Millet
46.0,29.25,14.61,35.47,54.52,6.5,47.14,Millet
56.24,39.89,23.82,36.6,37.62,6.19,37.73,Millet
51.53,29.05,19.39,31.83,54.86,5.84,44.84,Millet
54.56,25.19,16.81,32.56,34.68,6.45,55.94,Millet
43.41,32.7,17.72,33.93,43.99,6.94,60.95,Millet
42.98,15.68,21.44,29.25,49.45,6.49,46.83,Millet
64.07,19.17,22.94,26.99,42.31,6.44,42.36,Millet
52.57,36.34,21.88,29.36,37.11,6.86,77.88,Millet
44.95,25.74,17.76,27.29,23.04,6.8,41.85,Millet
35.12,32.52,15.67,27.81,56.73,5.9,33.61,Millet
50.15,34.9,13.7,30.43,49.65,5.57,61.58,Millet
55.01,26.13,25.01,32.98,45.82,6.37,40.33,Millet
47.7,31.42,18.7,21.31,55.15,6.7,47.44,Millet
54.86,37.15,8.79,30.52,33.59,6.85,53.54,Millet
53.09,25.0,12.51,27.42,48.25,7.11,37.94,Millet
56.22,24.11,21.45,27.22,46.46,7.05,37.28,Millet
42.56,29.11,29.61,25.98,61.32,7.6,50.83,Millet
45.61,23.85,19.73,24.08,44.39,7.35,44.67,Millet
46.07,17.79,21.5,29.93,45.51,6.49,48.49,Millet
52.02,27.83,21.26,29.75,53.99,6.94,54.31,Millet
60.15,30.52,25.22,31.12,30.26,7.25,53.62,Millet
47.58,29.69,18.62,29.79,40.26,7.24,50.64,Millet
44.94,22.45,21.08,29.65,48.11,6.09,32.79,Millet
53.0,36.91,15.89,34.56,47.27,6.6,47.23,Millet
36.92,33.93,16.9,26.27,52.94,5.66,33.72,Millet
47.85,29.76,21.94,27.94,65.24,6.49,49.23,Millet
41.62,28.74,22.46,33.21,33.09,6.48,57.36,Millet
52.7,28.04,22.17,26.17,57.46,7.1,35.86,Millet
39.4,21.72,22.71,24.5,42.35,6.83,51.21,Millet
50.07,21.61,22.38,26.85,42.4,6.72,53.24,Millet
48.19,23.5,18.8,29.01,34.0,6.37,56.65,Millet
37.78,34.94,25.08,24.64,55.86,6.53,57.02,Millet
44.03,33.54,21.62,26.15,35.68,5.87,54.26,Millet
52.58,31.91,19.53,24.95,39.54,7.18,46.18,Millet
49.15,21.55,21.35,27.4,53.37,6.99,46.05,Millet
46.99,24.69,14.32,26.0,46.59,6.76,53.78,Millet
45.59,33.6,20.25,31.46,30.81,4.64,55.41,Millet
36.6,26.73,18.79,34.56,48.2,6.68,62.04,Millet
50.95,25.25,24.29,25.12,47.59,5.83,54.45,Millet
49.54,38.06,13.74,26.9,51.58,6.77,54.16,Millet
40.35,24.46,24.98,28.82,48.0,6.54,37.8,Millet
30.6,62.03,86.45,17.46,57.76,6.58,67.2,Pulses
30.86,41.42,66.36,18.59,47.09,7.25,80.69,Pulses
24.2,59.64,68.91,20.0,44.37,7.54,69.13,Pulses
27.37,51.55,64.33,19.56,41.26,6.42,56.59,Pulses
28.14,52.77,59.85,17.96,48.81,6.96,95.32,Pulses
31.33,66.2,77.35,17.5,43.44,6.66,83.68,Pulses
21.72,47.99,64.55,19.4,53.88,7.2,53.41,Pulses
29.11,52.89,66.75,21.72,47.51,6.87,73.28,Pulses
19.85,54.92,72.45,25.14,56.24,7.29,72.43,Pulses
18.56,58.92,67.76,20.8,52.82,7.25,60.64,Pulses
25.35,48.18,65.44,23.48,54.23,7.09,91.55,Pulses
16.83,49.12,81.7,20.11,50.3,6.62,71.27,Pulses
28.27,49.24,66.88,19.16,53.79,6.65,82.53,Pulses
30.49,55.09,66.27,19.66,46.55,6.92,61.22,Pulses
34.68,65.57,75.48,20.92,44.18,7.08,78.59,Pulses
17.45,63.09,86.58,22.65,61.9,7.19,78.55,Pulses
20.69,64.37,73.24,20.72,61.21,6.88,62.38,Pulses
25.57,49.76,69.82,15.7,59.33,7.12,57.71,Pulses
19.99,56.12,73.51,21.37,47.06,6.76,74.2,Pulses
20.67,58.48,68.99,20.78,58.01,6.59,38.24,Pulses
21.6,72.41,84.18,24.58,50.65,6.39,32.2,Pulses
21.32,56.42,78.41,22.17,53.59,6.74,51.55,Pulses
26.52,63.58,71.14,17.41,56.55,7.27,50.01,Pulses
20.29,63.51,66.12,23.97,55.51,6.91,64.86,Pulses
25.38,52.17,60.7,21.75,57.92,7.34,86.21,Pulses
21.75,71.39,60.79,17.47,39.68,6.92,57.95,Pulses
28.16,59.95,58.46,19.02,49.4,6.39,51.27,Pulses
20.38,69.47,69.53,21.66,41.51,7.58,83.22,Pulses
13.01,52.36,71.97,21.61,47.25,6.98,56.64,Pulses
25.66,67.58,61.83,22.5,46.53,6.76,76.46,Pulses
30.53,64.81,57.47,18.84,57.76,7.12,49.97,Pulses
27.75,52.28,82.36,23.86,56.23,7.64,65.91,Pulses
29.59,69.82,69.96,19.36,40.07,7.07,76.53,Pulses
30.67,62.03,63.67,15.06,48.53,6.98,60.62,Pulses
28.71,73.89,68.99,19.46,50.19,7.15,53.4,Pulses
25.72,61.61,69.68,21.14,55.04,6.39,73.92,Pulses
20.97,49.23,59.16,21.08,50.44,6.43,71.69,Pulses
16.36,59.12,69.91,22.21,64.47,6.55,64.27,Pulses
23.34,61.47,69.73,19.12,48.91,6.65,78.83,Pulses
27.76,65.34,65.52,18.36,44.45,7.24,50.44,Pulses
36.09,47.54,70.19,23.92,56.19,7.17,51.44,Pulses
16.71,64.16,80.05,18.9,44.03,6.12,51.27,Pulses
24.32,70.79,73.39,20.76,49.2,6.87,84.68,Pulses
26.2,41.18,62.61,17.85,48.18,7.33,63.5,Pulses
24.54,68.51,62.43,24.66,47.3,7.14,61.06,Pulses
25.74,61.56,71.47,18.12,44.14,8.1,58.22,Pulses
29.2,45.14,65.76,19.68,55.31,6.01,67.33,Pulses
18.1,60.59,59.71,17.86,50.08,6.68,58.34,Pulses
17.84,43.33,76.14,16.76,50.75,7.4,56.39,Pulses
20.05,59.81,76.94,17.08,50.95,6.41,59.5,Pulses
25.21,51.16,64.34,16.48,52.54,7.52,49.64,Pulses
21.26,62.02,77.7,16.27,50.82,7.21,63.57,Pulses
10.14,62.01,80.15,20.29,44.78,6.89,89.78,Pulses
30.46,63.12,70.85,18.35,50.6,7.07,72.69,Pulses
34.05,66.95,56.64,20.56,57.16,7.35,56.19,Pulses
42.48,47.78,59.33,20.58,66.82,6.77,61.28,Pulses
31.46,57.86,65.32,21.41,53.91,7.51,83.08,Pulses
26.84,60.33,69.71,21.22,52.39,7.1,81.75,Pulses
34.1,45.94,68.08,18.28,49.82,7.26,74.37,Pulses
24.33,42.69,60.28,22.24,32.82,7.57,72.3,Pulses
32.9,56.41,51.51,21.08,60.92,7.47,55.72,Pulses
25.52,53.74,61.45,22.39,43.62,6.74,49.54,Pulses
16.06,59.17,77.29,19.54,41.46,7.44,88.6,Pulses
21.12,54.17,72.13,24.05,48.36,6.57,73.84,Pulses
29.79,58.05,63.53,22.49,55.7,6.79,65.69,Pulses
16.89,63.49,65.9,18.91,51.77,7.12,77.53,Pulses
28.55,56.75,74.11,21.0,49.01,7.05,62.92,Pulses
28.03,55.06,64.88,24.92,58.58,6.8,72.99,Pulses
25.71,61.13,69.1,22.97,54.42,7.08,79.59,Pulses
26.4,58.97,70.51,19.77,52.06,6.87,54.48,Pulses
19.01,46.86,60.96,19.56,52.72,6.99,32.02,Pulses
34.45,66.69,71.57,24.77,45.16,7.86,51.49,Pulses
26.43,47.81,68.12,20.97,50.92,7.39,66.39,Pulses
21.87,53.47,74.49,18.37,58.41,7.59,41.64,Pulses
31.8,74.48,70.02,21.5,59.26,6.99,67.55,Pulses
17.11,59.11,71.98,21.29,59.46,6.79,57.54,Pulses
36.37,56.8,69.6,19.83,46.25,7.75,57.61,Pulses
18.24,54.39,51.99,18.37,45.22,7.35,55.57,Pulses
30.33,69.19,74.25,19.46,52.99,6.49,63.13,Pulses
19.84,63.55,88.58,21.25,38.06,6.96,66.71,Pulses
25.52,52.15,69.96,16.89,45.39,7.36,50.78,Pulses
28.23,47.04,82.12,18.06,50.43,7.23,57.09,Pulses
25.86,62.6,75.68,21.98,50.8,7.04,97.89,Pulses
30.7,50.63,68.8,19.16,51.05,6.61,59.23,Pulses
35.87,62.63,48.07,23.04,59.63,6.96,75.04,Pulses
19.84,54.24,79.99,19.32,38.91,7.07,63.9,Pulses
32.19,58.11,64.63,22.61,52.85,6.8,81.17,Pulses
26.16,58.02,69.42,17.32,48.31,7.1,62.27,Pulses
32.63,59.74,74.84,20.02,59.39,7.26,65.19,Pulses
24.92,50.36,72.06,19.9,48.49,7.54,47.5,Pulses
22.47,66.22,70.52,19.88,53.76,7.17,43.77,Pulses
22.9,70.93,62.73,19.2,48.21,7.07,56.84,Pulses
27.92,59.58,74.19,17.37,49.62,7.01,71.38,Pulses
20.24,65.33,77.49,17.53,48.56,6.89,101.85,Pulses
22.42,71.42,57.87,17.53,47.19,6.76,61.25,Pulses
20.75,51.45,77.27,23.06,58.65,7.31,66.3,Pulses
22.02,50.37,70.9,17.07,45.04,7.56,91.61,Pulses
27.36,66.85,66.03,16.66,56.29,7.33,66.0,Pulses
23.55,65.7,60.11,18.07,44.94,7.13,49.77,Pulses
20.89,52.35,65.92,16.28,52.61,7.6,66.9,Pulses
34.25,68.67,74.22,20.19,52.16,7.41,59.52,Pulses
13.7,61.94,58.95,17.59,52.0,7.06,45.23,Pulses
25.99,65.73,58.97,23.18,41.08,7.95,59.24,Pulses
25.87,42.86,67.5,20.57,51.4,6.87,51.75,Pulses
31.78,58.25,80.33,18.68,48.96,7.43,42.28,Pulses
17.72,66.78,58.62,15.45,65.08,6.54,67.58,Pulses
25.41,35.51,65.86,21.12,54.48,7.46,59.58,Pulses
29.28,52.49,56.72,16.76,41.77,7.5,43.8,Pulses
26.64,55.87,67.18,23.41,48.93,7.34,65.53,Pulses
24.09,76.4,56.47,23.22,56.59,6.91,87.81,Pulses
13.91,53.83,58.33,21.03,44.21,7.27,62.39,Pulses
22.12,61.11,65.85,17.28,71.61,6.91,33.95,Pulses
19.95,47.86,74.61,20.8,54.79,6.95,61.09,Pulses
22.77,57.35,74.68,20.84,55.5,7.3,77.38,Pulses
26.73,60.87,77.51,18.34,46.01,6.63,67.56,Pulses
13.88,61.7,67.13,22.84,47.3,7.02,80.71,Pulses
33.3,52.56,69.45,20.74,54.62,6.99,82.94,Pulses
13.66,54.63,71.58,21.14,61.47,7.58,61.0,Pulses
32.8,52.29,75.45,24.53,60.5,7.14,60.36,Pulses
15.83,60.48,59.08,18.02,43.66,6.92,64.61,Pulses
26.64,53.2,76.55,19.48,46.49,7.19,92.49,Pulses
27.01,55.1,55.78,19.45,53.64,6.94,41.68,Pulses
19.9,69.64,79.47,17.78,56.71,6.63,84.66,Pulses
26.47,65.6,54.28,21.69,51.95,7.44,77.81,Pulses
25.39,53.19,74.24,19.85,45.89,6.73,44.32,Pulses
21.94,66.82,69.42,18.68,57.63,6.77,66.33,Pulses
23.92,64.23,55.38,17.87,40.53,7.0,81.96,Pulses
21.97,53.91,74.97,22.67,51.38,7.37,49.92,Pulses
33.27,75.19,72.17,14.79,48.09,7.35,59.1,Pulses
32.63,62.71,62.35,20.08,45.74,7.03,57.24,Pulses
32.05,74.93,56.55,15.19,50.28,6.49,65.65,Pulses
29.49,69.95,69.61,19.52,38.15,7.11,66.0,Pulses
28.83,52.33,64.52,16.3,35.96,6.66,43.02,Pulses
27.02,53.85,63.69,17.54,29.37,7.7,51.0,Pulses
22.53,46.36,75.78,20.36,46.22,6.94,88.49,Pulses
24.56,56.55,60.47,15.26,50.88,7.23,80.39,Pulses
11.51,49.0,63.35,19.99,50.98,7.05,70.71,Pulses
19.58,65.47,71.47,19.2,63.21,7.72,78.06,Pulses
6.89,70.63,74.36,25.02,60.66,7.73,77.3,Pulses
33.09,73.95,69.73,16.07,49.85,7.26,66.05,Pulses
17.52,44.95,62.07,22.02,63.06,7.47,79.8,Pulses
24.52,44.06,64.36,19.35,48.52,7.12,71.18,Pulses
30.12,55.78,52.77,18.79,52.31,7.59,57.05,Pulses
28.08,60.32,68.35,22.33,47.37,6.87,64.83,Pulses
21.16,62.06,62.29,20.57,51.3,7.19,58.56,Pulses
22.97,58.77,69.62,19.99,63.94,6.7,64.1,Pulses
15.56,60.98,59.08,19.3,49.4,7.21,57.26,Pulses
21.43,69.49,70.28,18.6,50.24,7.76,61.71,Pulses
20.86,52.52,63.61,18.51,43.04,6.65,53.39,Pulses
28.55,54.95,66.34,23.18,61.07,6.99,56.17,Pulses
19.81,63.54,66.36,19.03,46.3,6.79,69.48,Pulses
17.11,65.96,63.73,19.63,42.64,7.1,60.4,Pulses
24.7,69.77,69.42,18.01,47.02,7.34,83.18,Pulses
26.69,63.51,72.88,23.55,38.35,7.37,78.77,Pulses
16.97,50.91,61.19,18.18,48.63,7.2,77.12,Pulses
31.49,51.3,61.24,23.29,56.53,7.13,71.63,Pulses
24.82,62.2,65.31,20.67,41.43,6.82,55.52,Pulses
22.75,50.59,63.73,16.21,55.84,7.07,41.13,Pulses
19.99,60.69,63.66,18.26,51.48,7.24,44.89,Pulses
28.3,51.6,67.86,19.91,48.31,6.69,61.0,Pulses
34.75,47.11,81.54,19.35,52.25,6.67,54.2,Pulses
21.98,49.63,66.33,18.98,64.96,6.63,66.44,Pulses
26.49,49.44,73.49,19.0,34.55,7.36,49.36,Pulses
18.71,63.5,65.22,22.29,60.47,6.84,76.11,Pulses
20.47,75.86,62.46,22.57,57.91,7.23,55.61,Pulses
24.09,40.77,69.8,20.87,52.93,5.91,47.28,Pulses
20.51,60.33,70.31,19.57,56.45,6.69,73.54,Pulses
27.85,61.02,66.54,24.58,55.45,6.71,68.48,Pulses
29.51,53.3,76.71,20.96,35.6,7.22,59.32,Pulses
28.22,65.55,69.56,24.16,50.75,7.35,76.27,Pulses
24.42,64.23,63.24,18.94,42.81,7.2,69.55,Pulses
32.08,64.33,65.72,17.05,55.03,7.54,75.57,Pulses
31.51,56.3,64.27,18.16,51.61,7.07,67.89,Pulses
24.22,56.93,61.79,22.35,52.54,7.03,54.54,Pulses
17.01,68.46,72.44,15.94,57.34,7.47,66.74,Pulses
34.59,59.73,56.67,20.91,53.71,6.86,73.03,Pulses
14.99,65.92,60.98,17.54,51.2,7.27,67.29,Pulses
20.54,53.95,58.94,19.44,59.53,7.1,77.03,Pulses
33.73,53.3,66.51,25.43,62.11,6.43,70.42,Pulses
25.0,64.61,62.04,17.9,47.27,6.87,76.41,Pulses
17.91,53.02,53.69,22.52,60.9,6.97,60.83,Pulses
27.72,69.8,71.27,18.26,40.67,6.65,66.03,Pulses
21.07,59.56,63.58,17.35,43.76,7.72,77.45,Pulses
35.38,62.32,64.56,23.31,51.77,7.19,64.4,Pulses
7.32,70.84,71.93,20.82,51.57,7.17,56.64,Pulses
28.7,47.54,69.49,21.4,50.61,7.25,51.12,Pulses
19.21,59.89,73.43,15.31,55.65,6.88,62.3,Pulses
16.96,51.19,75.73,20.08,49.32,7.05,71.85,Pulses
27.64,57.4,76.74,22.43,54.89,7.12,74.2,Pulses
26.89,66.49,75.2,17.45,44.4,6.82,78.67,Pulses
15.54,61.16,70.9,22.91,53.26,6.56,51.57,Pulses
17.91,53.7,66.54,17.09,62.29,6.57,83.85,Pulses
32.11,65.19,62.45,20.86,43.06,7.46,63.96,Pulses
22.54,48.21,48.18,17.4,59.79,6.94,62.63,Pulses
28.93,72.45,78.6,17.57,38.4,8.04,96.77,Pulses
26.13,47.84,75.71,19.73,51.21,7.46,69.68,Pulses
17.89,55.4,73.29,21.28,53.83,7.47,59.94,Pulses
26.07,31.0,64.4,21.91,49.27,6.91,50.42,Pulses
31.02,62.39,74.6,15.68,50.88,6.99,61.07,Pulses
21.3,55.23,74.8,15.22,64.44,7.29,64.41,Pulses
108.88,60.93,72.02,22.26,76.19,6.49,96.75,Tomato
90.93,78.38,93.1,24.49,67.51,6.7,98.66,Tomato
104.08,84.01,87.94,22.25,71.85,6.39,76.15,Tomato
94.77,73.31,63.05,24.22,51.4,7.31,112.53,Tomato
94.87,74.08,80.73,21.32,69.16,6.46,88.59,Tomato
100.18,62.18,78.36,22.83,68.77,6.44,107.07,Tomato
93.76,76.05,89.68,22.34,69.29,6.47,108.56,Tomato
94.91,85.55,77.07,20.78,72.08,6.41,99.31,Tomato
65.25,74.05,73.86,20.37,64.68,6.33,89.28,Tomato
81.59,76.85,90.3,23.06,72.85,6.83,108.55,Tomato
120.44,69.51,71.53,24.07,72.25,6.73,118.34,Tomato
98.14,77.84,69.18,26.77,65.98,6.41,84.8,Tomato
90.26,67.44,73.29,19.77,63.29,7.08,101.03,Tomato
109.11,84.59,94.51,18.96,60.62,6.26,82.95,Tomato
94.39,69.98,79.97,22.57,63.66,5.85,75.11,Tomato
91.41,71.78,67.83,21.52,61.21,6.46,73.9,Tomato
87.81,62.22,76.62,20.77,73.44,6.62,88.95,Tomato
88.43,77.42,84.22,22.79,77.62,6.64,103.7,Tomato
99.6,80.08,70.83,21.58,70.1,6.6,97.61,Tomato
111.2,61.18,69.23,22.96,63.65,7.51,97.74,Tomato
97.06,69.36,73.68,22.56,68.67,6.36,85.9,Tomato
114.13,86.46,80.27,19.82,71.23,6.97,110.55,Tomato
106.81,86.8,78.48,23.76,63.92,6.59,109.94,Tomato
90.93,66.25,78.88,22.05,71.89,6.36,115.78,Tomato
82.52,85.28,71.12,18.91,69.43,6.42,73.36,Tomato
77.82,73.92,86.78,23.67,68.34,6.64,89.59,Tomato
80.84,61.21,76.17,22.18,73.11,6.73,99.08,Tomato
94.64,61.57,81.71,23.55,53.67,6.25,79.63,Tomato
99.42,66.77,77.66,22.08,67.05,6.29,80.42,Tomato
85.04,77.42,83.14,20.96,77.12,6.41,112.95,Tomato
90.29,55.76,81.62,23.0,68.21,6.31,89.48,Tomato
91.86,71.28,85.57,22.87,71.66,6.43,84.87,Tomato
84.16,70.67,48.11,21.32,67.51,6.67,85.97,Tomato
102.17,54.38,77.49,19.14,60.75,6.44,109.14,Tomato
102.45,74.16,77.82,21.07,64.74,6.63,69.22,Tomato
105.12,70.5,85.43,24.42,57.96,6.33,77.17,Tomato
76.25,64.71,99.97,23.72,79.5,6.75,78.87,Tomato
93.42,79.3,81.94,21.35,58.94,7.49,87.88,Tomato
94.09,75.02,75.82,22.75,75.72,6.46,72.56,Tomato
96.06,69.82,90.82,24.84,68.65,6.12,71.61,Tomato
98.18,77.03,74.63,21.54,64.44,6.49,54.26,Tomato
84.78,68.36,88.87,20.87,69.08,6.57,109.47,Tomato
113.15,73.48,73.72,21.17,66.55,6.37,98.3,Tomato
103.04,79.33,89.33,26.23,68.75,6.83,84.73,Tomato
112.22,83.55,87.08,22.69,63.99,6.08,89.4,Tomato
116.4,71.21,85.07,24.19,66.3,6.89,46.37,Tomato
83.33,65.76,70.62,23.17,69.74,6.62,98.94,Tomato
86.6,63.04,81.57,21.24,58.58,6.79,110.93,Tomato
116.69,75.68,83.63,25.24,64.15,6.83,94.13,Tomato
108.96,75.67,89.67,22.95,59.1,6.94,75.79,Tomato
113.04,73.19,88.58,24.77,70.58,6.65,96.34,Tomato
73.83,75.06,67.96,22.84,61.14,6.14,114.07,Tomato
110.83,73.96,79.66,22.0,71.42,6.3,104.91,Tomato
94.96,70.22,78.2,21.32,69.97,6.34,97.03,Tomato
112.59,67.53,76.82,23.42,65.38,6.64,98.33,Tomato
111.0,68.55,69.52,21.88,62.19,6.67,72.57,Tomato
126.0,85.66,78.11,24.23,58.18,7.26,81.15,Tomato
96.55,57.3,82.38,20.29,68.61,6.34,73.83,Tomato
88.35,76.03,66.47,21.0,71.98,7.28,97.16,Tomato
86.99,70.7,78.28,21.8,73.42,6.57,103.62,Tomato
94.23,85.93,76.5,20.56,81.06,5.95,78.92,Tomato
90.48,96.57,94.26,25.49,66.02,7.23,95.53,Tomato
109.73,75.62,77.55,22.0,66.74,6.68,95.51,Tomato
97.62,87.59,51.3,23.52,72.31,6.84,89.03,Tomato
100.5,82.87,91.42,21.9,69.6,7.0,58.14,Tomato
89.72,87.19,87.83,23.54,65.31,6.24,81.13,Tomato
116.58,68.34,78.91,20.99,73.06,6.34,88.54,Tomato
77.8,59.48,78.07,19.85,80.63,5.88,78.0,Tomato
98.2,70.71,68.06,20.58,62.06,6.41,119.28,Tomato
98.94,84.65,82.56,24.73,51.2,6.41,109.61,Tomato
91.14,89.86,91.36,21.56,64.98,6.2,80.56,Tomato
83.21,77.86,64.9,23.71,71.77,6.0,113.25,Tomato
104.16,80.75,71.17,23.74,74.76,6.47,120.03,Tomato
98.53,84.27,80.64,23.67,57.97,6.61,78.98,Tomato
87.84,89.7,76.08,20.49,65.85,6.11,111.51,Tomato
89.65,78.76,90.2,21.5,71.19,6.19,126.69,Tomato
109.24,72.27,71.04,22.27,65.96,7.09,71.62,Tomato
99.62,73.83,76.94,22.28,67.3,6.76,99.13,Tomato
103.03,46.69,80.7,19.19,71.88,6.94,76.11,Tomato
94.86,68.61,89.12,22.69,78.37,6.62,93.64,Tomato
98.82,81.36,62.36,22.67,67.58,6.72,87.18,Tomato
85.54,74.07,68.25,18.65,72.36,6.67,97.01,Tomato
113.64,68.01,65.12,22.36,65.91,6.25,88.8,Tomato
90.66,57.48,74.03,20.23,69.39,6.3,106.67,Tomato
117.25,80.11,64.04,25.51,77.45,6.51,109.84,Tomato
91.38,57.2,71.16,25.96,59.05,6.5,90.51,Tomato
91.84,70.01,78.65,21.38,59.47,6.56,106.1,Tomato
108.43,66.71,66.74,21.93,77.41,6.69,100.56,Tomato
108.68,77.79,79.09,23.82,64.72,6.08,100.84,Tomato
112.85,63.94,85.4,25.86,67.99,6.25,91.85,Tomato
91.39,68.45,81.9,19.29,59.34,6.51,89.67,Tomato
102.12,90.88,78.94,23.7,62.15,6.73,82.1,Tomato
98.86,73.02,87.3,19.88,54.3,6.44,97.03,Tomato
99.83,85.09,81.94,21.37,54.05,6.43,105.42,Tomato
93.3,74.25,81.79,20.47,71.74,6.99,87.41,Tomato
84.45,73.4,57.98,23.17,70.71,7.0,87.09,Tomato
102.9,66.25,74.79,19.45,66.83,6.41,94.49,Tomato
90.52,74.75,75.0,21.84,68.48,6.51,101.42,Tomato
96.55,70.85,76.37,21.07,65.84,7.11,76.31,Tomato
94.66,70.51,75.78,21.84,69.68,5.99,105.56,Tomato
105.59,62.81,57.58,20.55,66.54,7.27,98.15,Tomato
76.31,67.79,77.52,23.01,60.11,6.46,79.24,Tomato
84.75,76.34,84.96,24.18,71.45,6.35,100.72,Tomato
101.71,75.21,72.49,21.51,68.44,7.23,94.52,Tomato
90.67,66.51,73.57,26.85,65.6,6.77,84.36,Tomato
101.13,81.13,72.85,21.22,77.95,6.8,101.86,Tomato
107.45,78.14,96.16,22.59,71.46,6.06,77.63,Tomato
83.59,85.47,55.03,21.7,50.04,6.25,82.64,Tomato
114.62,77.57,70.5,24.63,68.11,6.51,71.96,Tomato
86.12,66.57,78.42,22.66,77.26,6.62,49.39,Tomato
101.15,60.95,69.31,20.88,64.02,6.09,93.05,Tomato
81.07,77.21,98.13,19.84,66.29,5.74,85.49,Tomato
105.71,80.49,78.7,24.28,83.28,7.01,82.16,Tomato
80.59,70.34,69.48,23.4,60.91,6.48,102.57,Tomato
96.79,65.48,88.57,18.74,66.03,6.49,90.24,Tomato
100.17,79.49,77.68,21.76,65.55,6.32,101.81,Tomato
90.24,81.62,78.17,21.46,71.71,6.28,99.57,Tomato
100.55,68.63,82.76,23.59,74.95,6.79,97.37,Tomato
84.47,96.04,65.37,24.4,70.59,6.15,88.14,Tomato
97.05,85.75,71.58,21.98,53.98,7.02,73.94,Tomato
101.92,73.09,77.12,24.12,78.03,6.58,99.83,Tomato
101.95,83.16,73.83,24.65,74.66,6.82,80.1,Tomato
95.98,76.16,65.66,25.69,67.93,6.59,81.34,Tomato
82.08,68.56,79.97,23.85,68.97,6.6,84.94,Tomato
103.95,87.35,84.34,24.12,69.76,6.05,74.33,Tomato
103.46,73.9,81.96,25.85,72.36,6.88,91.42,Tomato
88.31,73.48,70.76,25.62,72.74,6.66,108.54,Tomato
73.76,79.29,66.2,22.49,66.13,6.7,93.42,Tomato
114.14,68.58,84.38,22.82,58.19,6.22,87.75,Tomato
111.35,78.17,67.49,22.22,80.11,6.53,85.09,Tomato
103.9,80.87,73.89,23.51,66.03,6.72,92.55,Tomato
103.78,67.17,70.61,24.39,67.52,6.59,85.4,Tomato
108.78,68.53,76.78,24.07,75.04,6.34,119.4,Tomato
101.76,64.61,81.32,21.73,70.6,6.49,91.11,Tomato
87.06,82.91,67.59,20.28,70.2,6.98,84.71,Tomato
106.41,83.66,85.33,21.88,61.45,5.84,86.06,Tomato
112.14,63.88,84.3,20.6,68.64,6.71,80.11,Tomato
100.05,70.26,84.35,22.97,68.34,6.97,99.93,Tomato
89.72,73.23,77.32,22.66,83.15,6.61,59.46,Tomato
91.49,56.61,75.03,18.53,62.77,6.04,95.76,Tomato
98.01,76.73,77.06,19.71,71.08,7.08,96.14,Tomato
92.89,61.15,69.83,23.41,74.44,6.58,102.0,Tomato
106.49,78.56,72.07,22.85,62.91,6.51,94.96,Tomato
118.15,62.21,82.33,25.46,72.55,6.75,98.82,Tomato
113.58,64.21,65.53,22.49,55.03,6.87,108.31,Tomato
92.8,70.66,77.35,22.6,68.76,6.67,87.41,Tomato
109.32,78.01,72.54,25.17,59.85,6.47,104.5,Tomato
89.32,76.79,82.89,20.78,67.57,6.45,81.72,Tomato
125.62,67.13,87.04,21.71,61.48,6.53,99.74,Tomato
109.05,88.06,104.51,23.0,64.02,6.64,86.01,Tomato
109.11,62.33,99.32,24.21,57.9,6.29,102.24,Tomato
112.12,62.55,84.42,18.61,67.46,6.83,81.73,Tomato
79.92,75.32,72.56,23.76,62.69,6.27,59.68,Tomato
100.04,72.55,67.3,22.89,74.16,6.44,94.02,Tomato
101.28,63.16,96.51,21.56,71.94,6.73,87.91,Tomato
105.28,76.21,65.24,21.84,64.32,6.36,70.44,Tomato
111.52,88.42,86.8,25.04,65.93,6.31,78.32,Tomato
105.73,76.04,77.31,25.09,70.43,6.25,79.79,Tomato
106.18,83.38,82.97,26.29,77.81,6.63,77.42,Tomato
82.28,70.51,84.78,26.15,70.5,6.85,86.32,Tomato
105.47,81.41,60.18,21.67,73.7,6.58,72.05,Tomato
68.84,70.71,77.36,20.73,68.86,6.65,100.06,Tomato
69.73,62.17,75.26,23.64,70.94,6.64,84.25,Tomato
94.07,67.45,84.91,20.66,73.1,6.56,89.32,Tomato
90.12,61.8,72.17,21.84,53.79,6.44,103.87,Tomato
104.81,69.53,78.42,21.39,68.89,6.96,104.53,Tomato
104.25,69.56,84.75,19.13,66.49,6.68,101.11,Tomato
106.04,76.65,76.24,23.58,62.28,6.25,90.93,Tomato
100.08,57.57,82.1,24.05,67.54,7.21,79.76,Tomato
93.67,70.44,77.31,21.84,59.56,6.34,88.54,Tomato
112.74,93.82,90.02,20.95,63.83,6.45,116.77,Tomato
96.01,62.05,73.49,24.01,72.14,6.44,100.25,Tomato
70.72,74.93,85.75,20.83,62.98,5.94,113.85,Tomato
89.36,76.17,83.44,25.52,67.08,6.34,92.6,Tomato
113.41,72.47,69.41,19.42,60.67,6.76,85.19,Tomato
90.71,67.56,78.77,22.02,66.36,6.9,113.07,Tomato
78.68,76.95,71.01,22.0,69.86,6.44,93.46,Tomato
106.08,76.65,72.18,21.24,59.36,6.24,119.43,Tomato
88.5,63.26,80.88,22.28,66.83,6.92,98.24,Tomato
91.64,70.18,73.48,24.25,66.15,5.96,89.28,Tomato
79.56,93.66,69.31,22.18,69.55,6.41,85.65,Tomato
103.06,87.74,84.91,25.46,61.72,6.6,92.33,Tomato
102.21,86.39,76.01,21.69,71.2,5.97,86.45,Tomato
96.39,65.72,87.51,20.38,67.18,6.59,110.3,Tomato
97.87,82.43,84.31,22.75,61.46,6.07,91.6,Tomato
91.49,82.27,84.71,22.13,61.05,6.65,74.73,Tomato
88.9,65.19,76.75,24.84,67.97,6.37,67.12,Tomato
104.63,66.98,79.06,21.79,73.03,6.45,89.12,Tomato
103.83,92.96,86.0,22.32,68.02,6.34,75.75,Tomato
91.37,67.05,83.88,20.36,76.0,6.73,90.31,Tomato
98.0,68.98,80.43,24.68,63.78,6.04,100.55,Tomato
101.89,63.92,71.4,20.78,63.65,6.4,86.0,Tomato
90.19,67.18,75.94,22.84,66.1,6.85,97.62,Tomato
78.91,78.71,83.45,21.63,59.03,6.5,89.88,Tomato
84.54,60.94,77.21,22.03,65.5,6.47,73.46,Tomato
92.78,78.8,74.85,19.16,65.16,6.18,94.01,Tomato
101.83,59.07,84.83,20.28,77.36,6.49,71.3,Tomato
84.3,77.13,74.48,22.31,77.68,6.29,90.9,Tomato
115.04,76.43,63.54,23.51,61.02,6.92,77.66,Tomato
133.63,87.21,70.83,22.54,72.52,6.74,96.64,Tomato
120.03,54.14,53.43,25.13,68.01,6.85,75.5,Chilli
114.54,40.64,58.17,26.55,73.68,6.09,90.69,Chilli
105.9,58.42,67.73,27.4,64.8,6.8,66.2,Chilli
104.66,49.99,55.69,20.16,65.0,6.65,67.97,Chilli
107.64,44.97,69.5,25.74,60.98,6.31,72.29,Chilli
121.64,62.25,61.98,27.37,59.49,6.12,69.59,Chilli
102.17,62.34,58.17,30.03,70.38,6.52,50.46,Chilli
121.63,64.52,46.44,29.77,64.67,6.76,91.38,Chilli
121.14,59.56,59.31,27.54,59.2,6.68,61.17,Chilli
101.0,52.43,51.55,26.34,59.73,6.9,52.53,Chilli
103.64,55.92,53.83,25.57,50.9,6.84,79.77,Chilli
110.92,62.27,57.41,27.2,63.09,6.98,53.07,Chilli
94.28,66.11,38.78,25.65,70.21,6.66,67.14,Chilli
106.55,52.53,56.22,24.29,69.76,7.27,70.4,Chilli
88.36,51.33,54.71,27.26,54.94,6.39,78.13,Chilli
116.27,50.65,46.67,34.21,67.48,6.59,82.43,Chilli
103.51,61.07,57.12,26.23,61.2,6.12,95.26,Chilli
93.7,45.48,54.51,23.6,61.64,6.98,83.94,Chilli
114.78,52.86,56.35,27.02,49.7,6.93,54.51,Chilli
129.48,52.17,54.71,24.08,57.59,7.61,83.28,Chilli
86.41,65.53,64.35,25.3,64.15,6.69,95.67,Chilli
95.44,56.02,53.0,22.42,77.34,6.23,74.64,Chilli
84.11,52.21,58.95,23.94,66.11,6.59,85.92,Chilli
121.34,50.89,56.54,26.46,66.34,6.71,74.28,Chilli
102.08,55.81,65.09,27.62,66.91,6.99,70.15,Chilli
108.83,47.4,64.88,19.04,61.39,7.16,55.63,Chilli
109.8,50.23,53.42,28.36,63.39,5.89,60.28,Chilli
116.7,58.14,68.24,30.21,59.6,7.7,72.29,Chilli
93.45,50.56,40.2,30.02,73.16,6.29,69.27,Chilli
106.15,48.28,43.71,25.47,59.75,6.54,74.67,Chilli
122.15,52.88,57.19,27.82,65.88,6.45,73.16,Chilli
111.57,47.1,64.84,29.58,56.94,6.78,79.71,Chilli
98.45,58.37,57.14,22.33,65.21,6.26,83.27,Chilli
96.95,53.87,65.61,27.24,54.44,6.29,64.81,Chilli
109.74,57.51,50.1,23.08,63.97,6.63,97.89,Chilli
105.44,67.7,47.81,22.07,54.16,7.18,93.07,Chilli
95.61,51.78,47.82,21.47,67.03,6.79,72.13,Chilli
88.2,66.48,52.48,27.33,51.82,6.62,75.5,Chilli
108.92,56.08,59.46,23.17,63.38,6.75,74.78,Chilli
105.87,46.09,46.78,20.46,67.72,7.03,82.12,Chilli
108.68,40.07,48.81,26.43,62.95,6.61,76.43,Chilli
105.14,55.85,51.53,28.46,58.98,6.17,62.75,Chilli
100.82,61.96,55.7,25.53,53.26,7.01,64.18,Chilli
103.8,65.36,59.56,21.93,49.61,6.67,57.45,Chilli
112.78,55.3,57.16,24.23,74.19,7.84,68.66,Chilli
109.24,55.68,54.18,23.92,54.41,6.25,76.86,Chilli
98.76,36.95,59.11,25.9,71.43,6.85,54.26,Chilli
78.24,49.96,51.62,28.36,61.94,7.15,56.1,Chilli
116.58,60.05,41.87,29.31,62.65,6.86,61.62,Chilli
120.3,46.7,61.82,28.05,55.18,7.49,74.78,Chilli
112.85,44.31,70.82,22.94,69.17,6.3,64.57,Chilli
114.47,62.19,47.1,28.73,69.31,6.32,91.18,Chilli
87.52,50.63,59.35,23.87,63.85,6.8,69.76,Chilli
114.99,53.4,57.62,28.87,67.53,7.01,58.21,Chilli
111.3,48.85,47.03,25.82,55.67,7.02,81.77,Chilli
82.17,49.2,45.78,24.84,65.19,6.6,64.92,Chilli
120.6,38.87,64.66,24.64,61.45,6.49,90.51,Chilli
90.23,55.08,59.69,21.97,55.56,6.64,61.36,Chilli
95.21,52.55,60.55,25.14,69.55,6.3,56.98,Chilli
128.12,50.39,46.82,21.64,69.53,6.56,68.96,Chilli
103.09,62.09,54.74,31.86,62.94,7.12,81.66,Chilli
104.56,50.89,58.32,27.28,57.99,6.77,86.83,Chilli
129.84,60.98,69.04,24.43,66.91,7.24,61.24,Chilli
99.17,67.17,49.17,22.65,72.7,7.18,77.19,Chilli
104.45,51.93,57.97,29.95,63.67,7.57,61.22,Chilli
104.76,52.39,48.4,25.62,64.92,6.91,98.05,Chilli
110.57,63.05,56.46,30.2,78.79,6.91,60.09,Chilli
98.41,56.97,59.2,27.75,65.22,6.7,64.37,Chilli
109.81,67.98,63.14,27.34,69.21,6.55,65.9,Chilli
96.03,54.12,53.05,29.02,58.67,6.38,95.31,Chilli
99.58,56.07,59.16,23.16,70.65,6.95,90.7,Chilli
96.85,55.69,56.28,26.66,51.82,6.74,54.88,Chilli
109.3,40.1,43.04,28.05,58.17,6.3,87.25,Chilli
108.93,61.1,54.84,32.7,57.77,7.4,71.26,Chilli
85.15,58.38,58.2,23.37,55.54,6.69,76.2,Chilli
75.35,62.37,52.54,22.67,68.59,6.69,86.59,Chilli
110.26,54.99,54.93,27.21,59.11,6.36,79.32,Chilli
103.27,55.23,63.63,25.72,62.11,6.46,77.17,Chilli
109.2,61.31,51.95,24.86,67.54,6.8,61.13,Chilli
120.68,43.11,61.49,22.84,75.2,6.08,85.83,Chilli
104.02,52.43,57.3,27.58,55.67,6.37,79.8,Chilli
84.51,50.91,77.28,23.58,70.03,6.47,78.11,Chilli
112.85,62.9,54.6,30.97,57.87,6.79,74.94,Chilli
91.54,53.0,57.13,24.92,79.09,6.36,86.15,Chilli
115.28,54.9,49.94,24.08,58.37,5.99,59.96,Chilli
87.21,64.42,60.33,27.96,66.12,6.77,89.53,Chilli
97.67,55.75,61.23,22.7,83.68,6.71,73.7,Chilli
120.08,61.4,56.27,26.33,51.47,6.48,78.21,Chilli
110.33,63.55,55.16,22.53,69.4,7.27,82.78,Chilli
103.04,62.31,80.0,26.29,52.82,6.47,79.51,Chilli
85.74,56.19,58.66,29.84,71.17,7.05,46.05,Chilli
116.05,59.94,57.79,21.67,56.56,6.23,47.82,Chilli
104.97,49.42,74.38,25.58,71.06,6.07,65.64,Chilli
106.16,48.64,53.04,25.46,60.36,7.44,76.54,Chilli
110.75,58.78,60.29,25.79,59.75,6.77,85.88,Chilli
118.51,53.32,61.37,25.51,62.24,6.51,69.82,Chilli
121.1,55.65,56.95,22.38,59.84,6.6,62.05,Chilli
105.26,52.0,56.56,26.3,55.31,6.54,72.93,Chilli
119.21,56.8,51.37,27.0,73.95,7.07,78.57,Chilli
113.71,65.08,63.53,27.42,69.48,6.27,53.97,Chilli
106.89,55.48,52.19,28.06,48.96,6.49,66.18,Chilli
85.36,65.46,46.49,24.53,68.36,6.96,58.7,Chilli
113.19,57.03,72.33,27.01,61.01,6.36,63.07,Chilli
95.09,64.6,56.13,27.41,72.6,5.76,87.35,Chilli
105.66,58.05,50.2,24.11,65.42,7.65,84.04,Chilli
120.19,53.66,51.8,24.05,58.58,5.88,63.3,Chilli
98.28,53.77,56.92,26.91,61.9,6.47,48.44,Chilli
98.1,48.19,59.26,28.27,68.57,7.0,70.4,Chilli
98.74,49.77,45.45,28.48,60.78,6.2,62.08,Chilli
94.6,55.3,63.47,25.13,46.23,6.62,70.13,Chilli
102.3,50.61,57.52,26.17,61.83,6.87,66.84,Chilli
99.16,64.66,59.92,28.07,70.58,6.91,83.14,Chilli
86.05,56.43,54.72,30.19,68.49,6.45,76.47,Chilli
107.01,58.18,48.87,26.9,60.4,6.81,63.31,Chilli
97.98,63.22,48.64,23.56,61.64,6.39,61.38,Chilli
106.26,44.46,48.94,31.14,65.22,6.4,77.02,Chilli
111.81,61.96,55.11,28.44,47.73,6.28,73.97,Chilli
108.96,48.62,57.82,24.44,60.06,7.11,82.91,Chilli
93.04,47.6,53.12,25.93,57.39,7.12,76.17,Chilli
109.87,46.13,64.17,18.95,67.84,7.07,66.81,Chilli
120.27,54.56,56.44,26.85,84.31,7.24,80.41,Chilli
94.05,56.01,50.31,28.06,62.98,6.25,72.97,Chilli
94.81,56.06,49.99,26.07,67.25,6.68,67.31,Chilli
107.44,59.88,48.25,26.65,71.22,6.93,72.69,Chilli
112.68,58.17,61.28,20.94,51.13,7.1,53.94,Chilli
109.82,52.54,49.03,26.87,63.41,7.54,64.5,Chilli
122.28,57.47,51.37,28.0,65.96,6.71,75.2,Chilli
97.84,49.22,61.32,25.44,61.44,6.81,75.18,Chilli
87.85,64.0,56.85,25.49,65.02,6.79,81.2,Chilli
111.46,60.02,65.46,28.21,60.88,6.25,92.01,Chilli
102.15,51.69,43.84,26.85,63.04,6.09,77.44,Chilli
99.02,73.83,52.01,24.91,55.88,7.21,67.53,Chilli
96.3,59.95,46.34,27.56,74.47,6.93,79.65,Chilli
115.44,66.97,64.47,27.1,68.33,6.35,81.32,Chilli
92.93,52.43,34.42,27.0,57.49,7.14,76.68,Chilli
118.49,47.41,63.27,31.26,67.35,7.02,74.04,Chilli
98.7,60.33,45.46,24.96,49.6,6.42,79.7,Chilli
111.06,55.36,57.19,21.29,59.39,6.43,64.09,Chilli
112.19,48.98,51.77,20.78,59.94,6.26,72.95,Chilli
93.59,55.73,54.99,30.18,65.48,5.96,56.82,Chilli
105.66,48.49,35.22,29.37,67.04,6.91,64.71,Chilli
110.13,50.07,57.43,23.7,72.61,6.07,86.79,Chilli
105.47,51.57,57.17,27.83,71.57,6.83,61.31,Chilli
105.67,67.72,65.43,28.27,67.57,6.98,85.91,Chilli
99.52,45.51,56.48,23.96,54.61,6.41,101.82,Chilli
106.63,57.53,47.44,21.39,56.27,7.28,76.01,Chilli
112.18,60.17,51.86,29.47,57.57,7.26,77.31,Chilli
83.53,49.76,43.51,28.91,61.83,5.81,76.51,Chilli
98.55,44.61,67.75,26.27,59.95,6.54,53.84,Chilli
89.35,63.99,52.68,26.06,47.69,6.17,79.32,Chilli
109.53,67.27,65.4,25.42,65.31,6.57,96.66,Chilli
118.79,56.19,57.4,29.61,66.06,7.32,45.68,Chilli
110.53,51.39,68.29,29.87,62.23,7.31,93.4,Chilli
105.89,72.3,55.78,25.46,68.06,6.56,73.02,Chilli
121.91,55.13,44.13,26.92,57.13,7.05,80.35,Chilli
122.66,61.35,63.63,24.33,67.63,7.49,63.74,Chilli
126.6,51.15,50.04,26.74,67.01,7.06,60.46,Chilli
110.21,50.2,45.58,23.68,56.74,6.91,85.83,Chilli
87.32,57.46,47.76,27.57,57.64,6.28,81.6,Chilli
97.96,52.79,40.46,28.37,67.75,6.7,53.67,Chilli
119.51,50.34,52.83,31.78,57.07,7.0,78.75,Chilli
109.68,56.97,58.63,26.68,61.64,7.3,56.25,Chilli
117.26,60.76,60.89,28.79,61.35,5.95,71.13,Chilli
93.11,49.88,47.3,24.81,57.82,5.75,80.4,Chilli
131.64,59.24,54.58,25.86,59.05,6.74,71.56,Chilli
94.91,66.78,45.59,27.8,61.29,7.46,76.09,Chilli
100.68,53.27,56.28,23.14,56.63,5.99,60.92,Chilli
106.13,57.1,42.14,25.66,65.94,6.63,64.39,Chilli
100.05,51.21,51.54,26.43,78.15,6.4,68.18,Chilli
104.38,50.19,63.69,20.07,58.28,7.03,68.47,Chilli
95.15,58.09,62.34,26.53,56.39,6.88,67.18,Chilli
113.94,65.38,37.76,26.28,49.85,7.68,66.38,Chilli
113.96,54.75,50.38,23.69,73.1,7.08,95.32,Chilli
105.67,57.02,54.13,25.28,54.71,6.73,62.53,Chilli
110.3,56.19,58.01,30.19,61.74,7.0,96.62,Chilli
120.68,63.07,53.85,26.57,52.77,6.9,75.29,Chilli
105.28,62.19,47.55,30.09,68.31,6.67,70.22,Chilli
110.77,65.65,56.71,26.36,62.13,7.41,67.57,Chilli
104.65,65.24,57.03,28.84,55.62,6.62,89.81,Chilli
96.88,53.94,57.8,23.53,59.1,6.75,72.56,Chilli
120.36,65.79,50.01,26.28,66.72,7.31,80.62,Chilli
108.49,59.67,60.72,23.68,63.35,7.28,69.51,Chilli
106.55,53.3,39.8,26.05,64.11,6.5,58.14,Chilli
94.43,60.35,69.81,29.46,52.59,7.04,64.04,Chilli
98.01,51.77,60.94,28.4,61.31,6.67,77.57,Chilli
111.82,63.23,47.01,26.05,54.52,6.68,69.29,Chilli
104.44,49.4,45.59,20.76,61.08,6.53,63.89,Chilli
120.87,48.98,65.92,30.06,48.34,6.74,67.2,Chilli
70.06,44.89,61.42,31.05,68.32,6.83,71.74,Chilli
125.19,70.04,51.89,21.0,47.31,7.23,71.44,Chilli
107.2,42.47,50.73,25.26,63.45,6.54,59.55,Chilli
95.59,63.46,57.71,27.53,55.71,5.52,65.72,Chilli
94.6,57.44,79.0,27.74,81.15,6.93,64.44,Chilli
109.17,67.46,68.81,24.56,63.77,6.13,81.9,Chilli
123.64,55.28,51.33,26.9,64.92,6.73,74.14,Chilli
102.91,61.97,61.15,23.54,54.93,6.6,80.84,Chilli
106.78,50.5,57.83,25.17,68.16,6.83,68.22,Chilli
107.78,64.21,52.01,27.01,61.51,6.87,64.15,Chilli
106.32,62.75,49.44,22.68,52.96,6.23,79.14,Chilli
88.13,52.91,60.33,27.04,59.3,6.78,73.29,Chilli
26.65,66.31,55.41,26.52,84.88,6.6,96.64,Soybean
20.01,61.52,53.41,23.19,81.52,6.3,81.14,Soybean
25.95,67.49,47.54,25.63,67.5,6.75,92.89,Soybean
22.51,60.9,48.17,19.93,79.7,6.66,85.64,Soybean
32.44,79.88,48.71,25.75,76.52,6.11,89.65,Soybean
22.53,77.8,39.7,26.61,73.22,6.46,88.61,Soybean
35.76,61.8,42.75,22.54,68.12,6.78,85.47,Soybean
22.24,70.29,36.93,22.47,64.37,6.77,113.1,Soybean
37.04,62.19,54.9,21.99,76.5,6.51,84.07,Soybean
23.53,67.58,45.48,26.17,64.34,6.4,83.33,Soybean
27.33,66.32,36.3,25.17,83.58,6.6,91.06,Soybean
31.36,63.53,46.01,22.7,80.99,6.94,88.08,Soybean
24.47,63.89,50.24,21.33,65.99,6.58,97.75,Soybean
26.37,56.07,39.6,24.25,66.23,7.07,112.71,Soybean
27.53,69.84,29.03,23.45,76.03,6.63,86.2,Soybean
41.67,82.55,44.81,27.35,56.64,6.48,90.48,Soybean
26.58,64.08,26.7,25.47,73.26,7.44,85.39,Soybean
22.78,46.56,40.24,26.75,66.33,7.66,93.89,Soybean
28.88,57.1,43.72,19.55,74.16,7.09,119.75,Soybean
21.88,69.28,45.38,25.61,64.81,5.84,103.55,Soybean
27.09,63.47,46.58,24.39,62.08,6.03,79.94,Soybean
42.36,73.78,43.13,24.05,68.52,7.27,90.15,Soybean
31.46,65.21,53.64,26.36,77.47,6.57,114.93,Soybean
26.12,68.88,51.81,21.89,71.22,6.98,106.32,Soybean
25.3,84.69,34.23,28.15,77.29,7.56,72.59,Soybean
22.79,79.94,30.74,20.48,67.07,6.88,123.48,Soybean
26.89,63.13,43.87,25.67,72.65,6.73,66.72,Soybean
22.49,79.36,43.12,23.69,76.71,6.35,94.39,Soybean
28.83,64.47,42.6,24.03,61.6,6.87,76.75,Soybean
28.99,78.99,40.31,21.57,69.24,6.47,107.51,Soybean
27.11,81.68,48.98,24.12,74.29,6.64,98.54,Soybean
25.83,74.13,50.6,26.5,75.53,7.17,106.82,Soybean
21.16,81.61,52.83,23.92,67.78,7.04,106.81,Soybean
26.79,58.0,43.83,25.88,74.35,6.94,93.66,Soybean
33.96,68.53,39.21,24.05,59.52,6.73,109.01,Soybean
30.04,80.17,40.42,25.72,74.76,7.74,100.32,Soybean
21.73,74.78,53.19,23.69,75.05,7.29,114.27,Soybean
28.75,62.41,41.51,25.65,75.45,6.93,91.92,Soybean
31.33,74.88,44.28,22.41,68.91,7.18,75.87,Soybean
15.44,80.06,45.07,26.02,63.54,7.1,102.4,Soybean
18.49,79.39,42.95,23.51,67.73,5.99,107.49,Soybean
29.57,66.45,49.67,21.04,66.42,6.46,93.54,Soybean
28.4,71.44,39.92,22.31,80.12,7.76,100.29,Soybean
23.46,79.8,33.32,23.66,65.82,6.34,93.52,Soybean
22.81,68.1,42.16,22.95,67.78,6.71,110.96,Soybean
27.11,74.6,45.51,25.93,78.33,6.35,90.43,Soybean
38.58,65.94,25.11,23.99,70.81,5.75,119.34,Soybean
23.72,70.63,40.64,21.28,63.58,6.43,115.37,Soybean
27.11,63.83,36.39,27.49,78.79,7.27,105.88,Soybean
29.74,58.27,40.53,22.79,59.05,7.22,86.87,Soybean
35.18,75.05,45.34,26.03,66.31,7.54,98.69,Soybean
29.81,62.81,36.41,25.69,71.31,6.48,74.99,Soybean
20.38,77.57,38.32,23.65,78.7,6.35,86.37,Soybean
23.39,80.94,53.96,26.38,74.7,6.57,129.16,Soybean
29.61,74.82,41.37,23.83,79.98,7.02,121.22,Soybean
29.53,61.21,38.5,24.76,66.24,6.36,117.22,Soybean
24.73,69.11,43.78,23.03,78.7,6.35,102.19,Soybean
29.48,67.57,34.22,26.68,74.46,6.53,109.32,Soybean
30.25,57.76,36.88,27.35,71.86,6.57,84.26,Soybean
24.91,64.44,36.92,20.15,76.84,7.19,77.63,Soybean
28.82,60.78,40.43,23.64,67.43,7.6,90.95,Soybean
23.15,61.9,48.26,20.37,65.42,7.38,101.9,Soybean
29.15,85.06,43.48,22.73,68.31,6.35,118.09,Soybean
31.45,77.0,49.28,23.46,64.33,6.78,84.04,Soybean
28.99,77.06,40.99,24.87,69.44,7.12,87.32,Soybean
14.82,71.77,47.93,25.62,66.16,6.35,105.91,Soybean
28.85,66.99,52.93,22.13,80.65,6.81,68.63,Soybean
26.92,75.68,39.81,20.81,69.01,6.46,105.87,Soybean
32.64,59.55,37.77,26.39,64.85,6.37,79.14,Soybean
30.11,70.47,37.9,24.51,79.16,6.41,66.77,Soybean
30.73,67.12,37.74,26.13,75.04,5.92,87.56,Soybean
41.91,72.67,46.06,27.43,70.1,7.12,109.49,Soybean
31.23,65.42,43.03,23.03,70.08,6.33,85.35,Soybean
26.31,60.45,38.97,24.09,72.41,7.18,90.58,Soybean
36.01,75.51,45.02,24.88,71.91,7.27,117.58,Soybean
36.01,68.33,45.33,27.86,66.26,6.67,98.26,Soybean
33.4,75.32,40.61,20.73,71.48,6.43,74.16,Soybean
20.42,70.61,50.17,24.6,71.27,7.27,73.29,Soybean
31.12,67.91,45.4,23.29,65.09,6.86,124.39,Soybean
33.17,63.94,33.95,20.29,77.9,6.42,92.79,Soybean
35.93,55.09,50.95,23.87,63.11,6.7,86.44,Soybean
30.64,62.81,30.53,23.95,61.86,6.88,79.01,Soybean
25.07,69.46,40.73,25.13,74.08,6.34,96.97,Soybean
8.02,69.98,40.2,22.04,71.89,7.27,90.38,Soybean
22.33,69.32,33.99,22.85,77.33,6.82,67.93,Soybean
17.22,69.3,47.17,20.46,72.7,7.33,128.21,Soybean
29.99,72.05,29.2,29.75,66.55,6.43,93.92,Soybean
37.07,85.66,42.75,27.0,70.26,6.38,121.63,Soybean
24.27,80.28,49.79,26.04,80.97,7.69,95.2,Soybean
23.15,53.09,55.47,23.4,76.81,6.5,122.61,Soybean
23.8,58.47,40.75,23.17,73.58,6.78,108.04,Soybean
26.25,62.68,38.5,29.61,71.35,6.01,89.68,Soybean
28.58,82.76,48.17,22.2,84.51,6.79,117.94,Soybean
21.07,48.81,33.55,16.37,82.67,6.89,83.21,Soybean
30.72,69.51,45.73,27.52,68.26,6.45,111.24,Soybean
32.81,68.81,55.07,23.41,64.6,6.97,87.2,Soybean
30.97,61.34,39.6,29.23,67.57,6.48,116.73,Soybean
21.69,62.46,45.46,26.85,77.32,6.5,107.54,Soybean
25.2,63.15,49.22,23.13,71.67,6.86,80.87,Soybean
33.8,72.48,30.08,25.19,65.36,7.24,74.87,Soybean
25.86,70.9,42.33,26.41,60.89,7.46,106.4,Soybean
36.16,74.99,41.93,21.29,66.62,7.44,120.17,Soybean
24.28,45.45,40.72,23.78,68.5,7.01,112.02,Soybean
33.94,71.57,31.2,23.65,83.82,6.95,103.89,Soybean
30.16,71.32,27.7,23.9,69.77,7.31,98.76,Soybean
18.12,71.44,37.18,21.46,65.0,7.02,118.14,Soybean
30.9,73.06,44.84,24.75,74.18,5.83,99.78,Soybean
21.73,77.3,41.12,24.58,60.97,7.21,108.04,Soybean
31.34,61.5,37.36,25.06,65.83,6.97,63.43,Soybean
25.07,82.37,44.64,24.92,81.91,5.87,84.96,Soybean
25.59,74.87,47.25,22.33,75.99,6.64,117.39,Soybean
21.8,67.01,39.06,27.14,66.86,6.78,106.11,Soybean
31.27,75.1,43.27,23.45,67.9,6.81,101.99,Soybean
27.12,68.15,32.9,26.17,71.09,7.2,98.0,Soybean
17.57,65.13,40.8,26.36,57.58,6.82,106.22,Soybean
24.03,68.6,38.24,22.68,67.55,6.52,108.94,Soybean
23.59,60.78,52.61,26.9,58.83,6.49,101.88,Soybean
29.94,56.08,48.95,26.56,72.89,7.34,105.24,Soybean
30.69,80.46,48.61,22.4,73.8,6.53,106.07,Soybean
30.86,56.93,41.27,25.16,67.38,6.93,110.89,Soybean
27.82,69.8,50.3,25.68,71.2,6.42,108.74,Soybean
29.98,78.27,42.28,19.96,59.8,7.09,88.88,Soybean
30.62,68.91,41.0,24.26,64.81,6.79,88.65,Soybean
25.77,65.41,40.64,26.81,69.22,7.21,122.61,Soybean
33.13,72.28,43.96,26.66,70.54,7.19,107.83,Soybean
25.84,75.17,42.55,24.23,67.14,6.87,113.94,Soybean
33.33,70.83,45.6,27.68,69.1,6.35,118.82,Soybean
24.82,62.48,31.22,25.93,60.27,6.5,107.41,Soybean
32.33,62.79,41.2,22.32,66.71,6.91,89.97,Soybean
26.53,56.28,48.8,25.78,74.76,7.32,84.8,Soybean
25.85,52.84,60.84,24.13,76.23,6.3,113.94,Soybean
39.15,67.52,35.93,24.15,56.64,6.78,111.14,Soybean
27.79,65.73,45.17,26.01,60.04,6.84,136.98,Soybean
19.99,67.32,53.65,27.26,66.92,6.88,97.97,Soybean
23.51,67.41,40.32,24.78,65.51,6.29,97.34,Soybean
38.29,68.66,40.01,26.39,69.05,7.55,97.94,Soybean
32.2,61.96,45.02,25.19,69.66,6.6,87.79,Soybean
29.69,73.03,41.24,25.22,69.77,6.84,94.79,Soybean
28.11,89.58,43.87,26.11,72.63,6.69,118.7,Soybean
26.25,76.44,39.99,22.1,72.19,6.36,106.57,Soybean
20.84,65.45,33.41,31.56,60.08,6.8,116.29,Soybean
34.22,74.81,40.1,27.88,75.48,6.88,101.85,Soybean
26.18,60.72,49.42,27.78,64.7,6.74,95.71,Soybean
27.8,68.51,47.68,22.63,64.92,7.29,90.6,Soybean
20.42,64.12,40.02,28.39,75.55,7.26,111.12,Soybean
33.68,62.5,40.81,22.03,68.74,7.07,100.15,Soybean
35.87,58.87,45.0,21.38,70.57,7.1,94.57,Soybean
31.31,60.32,32.02,25.89,80.46,6.4,117.56,Soybean
28.26,57.31,35.21,24.54,67.57,6.27,70.9,Soybean
22.92,69.55,41.96,23.25,71.21,7.22,104.31,Soybean
27.27,75.42,36.24,23.94,68.79,6.31,91.28,Soybean
15.55,83.3,36.38,28.47,70.23,7.03,90.18,Soybean
29.25,73.2,45.99,26.44,67.79,6.61,72.49,Soybean
31.14,76.66,51.7,25.26,65.4,6.12,114.67,Soybean
17.22,65.28,40.65,24.33,70.21,6.86,59.35,Soybean
28.09,50.16,46.39,23.11,57.06,6.47,88.88,Soybean
35.14,69.57,44.07,27.45,69.42,7.1,108.94,Soybean
20.28,79.78,33.48,26.79,60.9,7.04,127.79,Soybean
26.72,65.95,45.66,23.68,80.91,6.88,92.88,Soybean
24.76,60.54,38.23,23.62,67.07,6.54,131.58,Soybean
21.82,69.17,45.56,26.08,69.65,6.7,105.22,Soybean
29.6,65.93,32.63,23.33,63.12,6.53,98.53,Soybean
30.15,82.24,38.78,26.44,71.84,7.32,107.22,Soybean
21.95,54.22,43.87,23.18,64.12,6.29,100.58,Soybean
37.05,64.73,45.54,24.24,62.26,7.09,80.48,Soybean
28.13,65.27,47.36,21.85,72.35,6.46,89.82,Soybean
6.19,84.74,45.3,22.58,63.25,6.6,109.47,Soybean
16.65,66.87,52.62,21.67,70.48,7.68,108.11,Soybean
28.76,72.05,39.59,27.75,67.6,6.02,91.74,Soybean
22.2,65.75,40.45,27.49,74.17,6.91,97.95,Soybean
21.65,50.55,42.68,26.49,69.35,6.59,105.43,Soybean
27.5,81.49,49.4,26.9,74.55,6.28,108.61,Soybean
30.26,72.85,44.96,25.63,86.21,6.77,112.98,Soybean
25.17,74.33,47.64,25.41,80.02,6.45,90.2,Soybean
29.27,75.05,43.08,27.71,66.03,6.34,102.93,Soybean
27.54,72.34,41.84,23.65,69.55,6.81,93.12,Soybean
26.78,64.77,47.14,24.99,83.54,6.86,89.19,Soybean
44.02,71.31,47.94,25.98,73.74,7.01,80.37,Soybean
30.21,57.4,40.95,22.69,72.14,6.93,105.7,Soybean
29.72,63.15,40.43,26.8,76.41,6.34,73.51,Soybean
23.64,76.36,49.29,22.19,71.84,7.53,104.64,Soybean
36.53,75.99,36.54,24.03,70.21,6.84,112.66,Soybean
30.45,44.51,34.12,19.03,71.05,6.9,102.53,Soybean
22.25,73.39,46.3,21.36,61.2,6.8,126.67,Soybean
38.2,72.51,37.62,26.72,67.29,6.49,63.7,Soybean
28.61,62.96,42.58,18.75,71.02,5.83,115.41,Soybean
31.13,65.77,45.38,22.05,70.43,7.12,48.49,Soybean
25.32,67.82,40.82,28.14,63.26,6.55,67.35,Soybean
37.06,66.03,39.37,24.37,73.82,6.94,140.37,Soybean
30.72,64.28,38.63,23.52,60.99,6.82,110.54,Soybean
24.32,61.54,51.1,20.93,57.59,6.34,73.35,Soybean
30.32,65.11,40.68,27.38,65.85,7.11,122.18,Soybean
25.27,73.9,40.55,26.81,60.57,6.14,91.74,Soybean
22.67,63.87,40.68,26.3,67.55,6.47,92.38,Soybean
23.39,60.53,32.32,24.67,66.59,7.19,74.84,Soybean
24.75,82.5,36.36,23.91,62.7,6.26,122.76,Soybean
29.03,69.07,31.82,25.4,76.94,7.26,108.69,Soybean
21.22,70.5,46.01,20.01,63.27,7.16,112.02,Soybean
18.71,74.36,42.57,26.45,66.19,7.06,111.5,Soybean
25.89,68.14,38.11,28.63,69.28,6.43,86.55,Soybean
181.9,71.03,174.96,31.2,81.54,6.89,163.06,Banana
180.29,63.81,210.27,27.48,83.84,6.53,168.91,Banana
167.94,74.73,182.49,26.85,78.43,6.56,179.45,Banana
175.25,76.15,182.72,27.84,76.12,6.87,164.68,Banana
177.67,74.51,185.18,28.67,76.16,6.75,141.09,Banana
170.06,64.34,222.22,27.7,88.27,6.79,157.26,Banana
203.09,68.5,185.36,28.44,78.54,5.9,183.72,Banana
196.42,79.7,201.33,27.0,84.17,7.04,197.77,Banana
179.33,63.68,184.27,28.57,72.26,7.01,176.76,Banana
188.78,66.11,217.99,29.24,76.96,6.46,147.41,Banana
188.27,57.0,211.25,30.15,75.6,6.63,165.33,Banana
193.26,77.87,169.72,26.86,78.67,6.14,155.3,Banana
186.42,62.77,171.83,33.25,81.33,6.74,143.04,Banana
183.91,63.69,166.67,25.36,83.97,7.48,172.34,Banana
196.55,63.75,193.7,29.68,88.31,7.22,143.67,Banana
179.0,67.22,191.1,28.28,84.1,7.1,198.72,Banana
175.06,54.09,200.37,31.27,77.62,6.97,178.91,Banana
182.87,65.06,181.15,22.94,74.44,6.54,186.95,Banana
178.45,60.85,181.64,28.81,86.79,7.13,177.12,Banana
157.87,62.19,224.21,29.74,72.31,6.68,172.26,Banana
168.57,46.53,196.48,25.92,76.08,6.56,162.33,Banana
179.86,57.93,191.7,23.99,81.56,5.56,159.21,Banana
193.79,56.53,205.75,29.81,63.46,6.64,107.48,Banana
178.23,64.94,157.76,31.35,81.43,6.36,194.31,Banana
153.07,55.17,160.51,31.1,81.66,6.96,171.02,Banana
188.61,65.62,199.06,27.72,76.96,6.68,170.47,Banana
181.66,53.18,174.83,29.67,78.47,6.93,143.16,Banana
157.9,58.25,191.66,26.17,86.47,6.77,201.98,Banana
186.07,45.7,210.84,24.48,81.15,6.39,207.85,Banana
201.59,59.07,193.09,27.99,84.32,6.71,144.5,Banana
169.24,64.96,213.52,28.36,76.13,6.96,157.26,Banana
193.36,85.22,189.62,29.1,76.27,6.66,165.59,Banana
177.09,84.7,190.4,28.67,70.35,6.87,187.84,Banana
172.09,44.92,194.42,27.53,83.62,7.5,157.4,Banana
167.16,55.66,197.97,28.46,77.27,7.01,174.31,Banana
180.65,57.78,187.77,22.64,81.18,6.71,168.77,Banana
187.56,68.09,193.34,27.6,72.98,6.47,166.01,Banana
168.96,71.88,185.12,27.93,80.58,7.0,183.02,Banana
190.41,48.15,212.91,30.55,77.59,6.79,147.18,Banana
150.77,59.09,186.9,26.79,75.21,6.41,164.78,Banana
168.45,69.35,205.22,32.26,85.63,6.8,152.59,Banana
184.41,67.61,187.3,29.07,73.01,6.6,176.12,Banana
175.69,63.35,192.93,25.83,85.87,6.29,171.36,Banana
186.2,57.41,196.1,25.68,86.96,6.24,151.92,Banana
161.64,54.14,218.87,28.59,80.7,6.44,183.15,Banana
167.64,71.35,181.91,26.21,83.79,7.05,176.95,Banana
164.25,61.43,197.35,25.8,86.85,5.74,149.43,Banana
172.36,42.25,174.06,28.75,80.15,7.33,195.9,Banana
186.5,67.51,195.99,22.19,73.03,6.74,177.32,Banana
184.35,57.86,209.06,30.46,84.69,7.1,153.82,Banana
196.14,66.17,202.67,28.23,79.39,6.36,163.36,Banana
194.8,61.47,208.4,28.97,78.51,7.26,157.89,Banana
202.64,68.47,194.76,25.72,79.56,6.62,139.83,Banana
176.74,58.57,203.79,30.11,73.87,7.38,162.43,Banana
165.37,71.06,188.3,27.34,77.98,6.37,179.48,Banana
175.71,53.51,203.27,25.09,74.23,7.18,141.07,Banana
145.25,69.98,190.44,27.06,78.43,6.79,149.95,Banana
202.14,53.19,201.67,28.78,76.2,6.29,185.34,Banana
165.14,60.15,208.31,27.57,71.01,7.4,154.4,Banana
173.96,67.05,204.38,31.42,71.7,7.03,179.86,Banana
177.94,71.3,209.01,24.74,88.75,6.08,142.29,Banana
176.07,80.4,190.38,27.44,87.16,6.58,141.43,Banana
173.74,75.97,196.06,31.36,83.69,6.44,166.02,Banana
167.2,59.65,262.19,29.54,84.31,6.45,196.39,Banana
196.49,80.05,222.5,24.54,74.45,6.3,146.12,Banana
184.85,60.47,226.09,31.31,79.97,7.48,194.76,Banana
173.24,48.93,191.73,26.21,81.03,6.74,166.26,Banana
187.86,55.3,201.17,26.62,81.0,7.08,140.51,Banana
175.78,64.05,187.29,29.3,76.4,6.48,150.8,Banana
196.38,61.06,201.9,31.45,79.63,7.14,198.43,Banana
195.41,64.87,204.63,24.93,76.1,6.46,209.81,Banana
167.81,58.38,179.34,28.62,80.71,7.13,178.43,Banana
159.29,58.54,215.48,27.09,85.94,6.64,145.65,Banana
175.45,57.26,186.52,27.9,82.56,6.06,164.65,Banana
171.2,59.81,196.99,26.4,86.91,7.18,188.64,Banana
172.58,57.3,196.23,27.2,76.96,6.23,164.17,Banana
173.94,70.51,204.98,29.7,73.7,6.86,150.45,Banana
161.69,61.57,211.03,26.76,87.83,6.92,157.12,Banana
197.4,68.56,181.01,31.22,81.3,6.71,147.89,Banana
197.69,69.14,204.44,26.48,84.17,7.06,151.62,Banana
158.75,69.65,171.4,27.8,77.76,7.19,157.14,Banana
196.61,60.89,210.0,31.62,74.66,6.82,219.98,Banana
181.0,65.49,206.83,27.58,71.46,7.15,124.94,Banana
173.75,74.66,189.65,26.11,84.4,6.36,140.56,Banana
184.12,63.54,176.34,28.77,82.32,6.56,159.17,Banana
187.06,74.52,190.76,28.81,82.83,7.05,165.79,Banana
166.32,61.3,200.14,31.14,77.58,7.02,158.44,Banana
181.66,77.12,206.46,25.02,77.14,7.2,167.84,Banana
162.77,58.45,205.55,29.49,80.09,7.69,181.48,Banana
176.35,58.47,180.38,28.17,77.56,7.37,194.33,Banana
189.5,55.57,184.92,30.01,77.18,7.15,174.49,Banana
180.78,59.38,193.59,27.88,85.16,6.35,159.74,Banana
180.67,70.3,181.37,24.87,83.37,6.09,190.7,Banana
177.66,52.62,187.79,28.26,77.34,6.71,179.8,Banana
176.97,57.5,190.52,30.33,88.43,5.89,186.82,Banana
183.75,72.39,186.74,23.96,82.92,6.32,137.23,Banana
160.22,69.81,197.09,29.06,83.35,6.53,163.59,Banana
172.33,63.32,180.49,28.28,85.38,6.37,190.63,Banana
181.7,66.93,169.51,23.89,80.72,7.02,151.57,Banana
205.05,70.88,181.37,27.56,92.38,6.2,175.57,Banana
175.16,70.66,214.01,26.73,85.59,7.59,166.33,Banana
191.77,60.28,195.29,27.15,83.98,7.18,162.81,Banana
203.0,77.24,207.7,26.47,76.94,6.38,183.98,Banana
161.82,70.41,178.78,29.15,80.09,7.23,187.83,Banana
201.53,76.69,197.15,25.18,74.74,5.87,143.33,Banana
181.03,60.52,192.3,28.49,78.48,6.25,163.94,Banana
166.52,62.83,215.14,26.96,88.85,7.27,153.41,Banana
163.33,64.58,212.3,26.52,84.54,7.18,149.52,Banana
169.86,70.7,197.28,26.13,78.24,6.67,133.7,Banana
191.48,61.17,153.24,27.45,76.29,7.38,153.29,Banana
163.54,69.06,185.09,25.94,82.55,6.28,135.85,Banana
205.89,69.64,191.04,27.49,82.53,7.09,149.88,Banana
185.49,60.95,192.17,27.82,79.97,6.99,174.74,Banana
157.38,54.14,189.45,31.16,75.74,6.62,154.27,Banana
171.69,66.43,216.01,28.41,75.98,7.8,166.57,Banana
171.34,76.3,187.96,30.83,75.65,7.27,169.02,Banana
199.37,80.21,178.01,30.05,72.96,6.28,148.93,Banana
187.55,65.26,192.49,27.79,82.96,6.97,186.88,Banana
207.3,64.83,187.18,28.73,74.28,6.43,184.99,Banana
178.14,55.33,172.65,27.6,85.71,7.15,167.22,Banana
210.13,64.16,192.92,22.37,77.76,7.04,196.28,Banana
167.55,68.7,210.7,27.52,68.58,6.8,180.23,Banana
165.79,62.97,177.67,22.36,85.14,6.7,196.95,Banana
192.86,62.17,193.75,28.63,84.83,6.83,187.11,Banana
175.55,57.02,194.03,27.91,73.99,6.17,173.95,Banana
173.9,63.67,189.6,30.54,86.31,6.21,154.34,Banana
192.75,69.82,194.38,25.22,76.59,6.49,170.54,Banana
205.56,59.5,179.61,27.28,85.16,6.12,194.07,Banana
177.42,59.13,171.0,28.91,79.14,6.77,146.98,Banana
175.21,61.11,193.49,26.16,72.33,7.79,137.73,Banana
182.72,50.82,165.04,27.7,80.87,7.2,172.99,Banana
177.75,57.4,217.49,29.36,73.77,6.72,167.88,Banana
174.82,71.17,207.48,27.12,78.6,7.3,183.66,Banana
181.09,51.97,200.16,28.9,66.23,6.8,156.67,Banana
176.69,57.74,192.78,30.28,77.77,7.09,148.87,Banana
191.38,65.01,200.28,27.51,83.21,5.67,136.6,Banana
186.26,48.65,187.04,27.39,75.86,6.42,170.43,Banana
195.14,57.33,186.37,26.04,67.89,6.76,183.69,Banana
195.25,58.03,176.22,27.54,84.15,6.76,170.79,Banana
197.13,59.09,191.7,30.77,79.02,6.19,151.61,Banana
165.93,67.86,181.56,28.04,76.32,5.85,171.13,Banana
182.23,69.14,184.91,25.94,82.01,7.31,165.22,Banana
186.37,62.43,171.85,29.43,84.54,6.98,161.36,Banana
188.96,72.15,219.3,29.48,80.32,6.18,168.11,Banana
183.85,70.67,215.31,27.31,90.5,6.0,173.39,Banana
168.02,49.74,191.97,24.59,79.19,6.71,187.37,Banana
157.39,72.27,196.47,29.56,77.84,6.17,140.65,Banana
160.62,68.82,217.15,26.37,83.15,6.09,168.61,Banana
190.03,53.42,191.94,28.93,65.33,7.23,172.07,Banana
190.75,61.7,169.16,28.57,79.59,6.71,186.75,Banana
191.43,80.37,197.31,26.12,79.06,6.87,185.32,Banana
157.99,65.07,219.14,27.02,84.66,6.9,184.12,Banana
167.85,58.56,195.3,24.44,78.65,6.8,200.69,Banana
186.04,70.0,212.47,25.57,79.17,7.67,163.42,Banana
196.75,72.71,172.83,28.12,80.73,6.83,149.92,Banana
163.25,61.19,193.53,29.87,89.09,7.26,182.2,Banana
164.93,61.73,198.15,26.24,82.89,6.99,175.73,Banana
195.38,57.76,208.99,26.11,75.3,6.91,189.32,Banana
187.32,65.17,199.65,27.77,74.37,6.2,163.42,Banana
181.2,65.09,205.14,27.07,82.81,6.64,201.47,Banana
181.21,83.73,200.28,27.07,75.5,6.12,145.17,Banana
166.81,68.16,187.11,27.87,86.41,6.66,206.58,Banana
162.36,63.8,186.91,29.37,68.8,6.12,162.85,Banana
203.27,66.81,174.73,25.11,88.36,6.45,146.14,Banana
202.16,73.09,214.11,25.6,72.37,6.75,171.7,Banana
185.47,76.83,168.99,29.22,74.52,7.04,155.5,Banana
167.79,60.12,173.32,27.58,76.14,7.01,177.8,Banana
205.32,67.93,202.81,30.3,76.86,6.1,169.0,Banana
158.66,84.63,216.83,31.83,80.31,6.92,155.81,Banana
193.24,55.28,156.85,25.92,72.72,7.29,201.31,Banana
158.96,75.33,209.27,24.36,78.05,6.47,179.96,Banana
161.57,64.21,184.71,28.45,78.92,6.49,160.73,Banana
210.54,61.66,179.38,28.67,79.28,6.13,209.63,Banana
174.71,61.98,197.4,30.96,71.6,6.81,206.75,Banana
181.93,55.12,185.72,27.91,86.65,6.56,181.53,Banana
158.47,53.45,187.76,30.38,80.34,6.82,170.56,Banana
196.64,60.12,205.32,25.84,89.92,6.38,147.35,Banana
188.25,65.64,199.9,27.95,74.55,7.35,182.87,Banana
200.38,60.77,201.25,27.89,85.64,7.16,168.86,Banana
157.23,79.24,203.34,26.28,82.03,6.1,186.11,Banana
157.93,63.23,198.67,29.58,80.53,6.95,164.44,Banana
179.52,65.68,192.16,24.13,76.16,6.8,160.02,Banana
177.66,62.41,182.05,26.51,78.47,6.7,172.87,Banana
177.29,56.76,174.03,32.69,74.35,6.49,175.34,Banana
185.41,69.17,188.36,27.98,80.31,6.58,169.91,Banana
195.83,64.82,194.77,29.64,84.81,7.33,129.88,Banana
193.58,69.81,181.72,28.0,85.26,6.37,173.85,Banana
193.07,56.43,192.87,28.1,76.02,6.35,162.3,Banana
192.02,70.15,182.08,28.8,75.82,6.06,157.66,Banana
196.84,70.25,194.98,26.67,78.05,6.74,143.63,Banana
174.78,63.28,174.73,25.82,82.05,6.7,158.82,Banana
166.33,77.61,182.43,28.0,77.56,6.71,174.15,Banana
159.45,64.95,212.86,31.02,79.35,6.72,209.23,Banana
197.02,60.06,185.72,29.41,74.94,7.14,171.69,Banana
187.77,62.95,185.55,30.42,78.77,6.54,163.4,Banana
182.9,56.75,186.53,26.26,84.23,6.35,129.88,Banana
150.49,53.24,215.42,27.53,82.51,6.91,166.12,Banana
178.88,73.36,197.19,30.3,83.1,6.45,155.06,Banana
169.09,74.74,188.92,25.9,81.6,6.66,170.89,Banana
208.35,72.3,195.41,24.68,77.5,6.98,141.58,Banana
