crop,season,area_ha,rainfall,temperature,n,p,k,ph,fertilizer_kg_ha,yield_tons_per_ha,total_yield_tons
Rice,Zaid,6.2,287.7,31.2,123.8,29.4,30.9,5.66,223.2,2.91,18.02
Rice,Zaid,3.5,95.9,23.5,113.5,45.9,40.4,7.15,77.9,3.7,12.97
Rice,Zaid,7.4,246.3,21.6,112.0,55.5,23.3,7.14,84.1,2.52,18.65
Rice,Rabi,1.2,107.7,22.3,135.7,56.6,78.3,5.97,128.2,4.17,5.0
Rice,Rabi,10.3,127.9,27.4,116.5,31.1,87.9,7.59,237.9,4.5,46.31
Rice,Kharif,5.6,192.6,27.4,174.6,70.7,72.3,6.96,167.4,4.06,22.74
Rice,Zaid,4.9,185.7,20.5,152.3,24.5,89.1,7.59,89.7,3.95,19.34
Rice,Zaid,11.2,242.8,19.3,90.2,27.0,80.4,7.18,116.2,3.52,39.47
Rice,Kharif,5.4,131.3,31.1,129.3,73.2,53.1,5.82,192.6,4.04,21.82
Rice,Kharif,4.6,60.1,30.8,55.5,46.4,34.1,7.92,145.1,3.61,16.6
Rice,Rabi,8.1,276.9,22.5,97.5,65.3,36.0,5.71,108.0,2.96,24.0
Rice,Kharif,5.1,76.4,26.2,70.6,45.0,81.8,6.38,74.4,3.6,18.36
Rice,Kharif,5.5,77.5,22.1,99.8,69.1,80.3,5.52,152.1,4.17,22.92
Rice,Rabi,4.8,111.0,21.0,70.6,53.5,48.3,5.68,100.8,3.73,17.9
Rice,Kharif,10.7,228.1,20.7,179.7,36.0,88.4,6.61,56.6,3.66,39.17
Rice,Kharif,8.4,161.9,28.0,123.0,24.9,45.9,6.15,210.6,4.78,40.18
Rice,Zaid,9.9,208.4,27.6,52.6,70.1,42.5,6.0,58.2,3.65,36.13
Rice,Kharif,12.3,137.2,19.7,171.7,43.9,56.2,7.76,185.1,4.07,50.11
Rice,Rabi,2.6,281.2,33.8,76.1,59.6,77.2,7.0,155.9,3.25,8.45
Rice,Kharif,3.6,119.7,30.6,158.5,71.4,48.3,7.9,220.2,4.33,15.59
Rice,Rabi,3.3,274.6,28.9,41.3,26.1,66.4,5.51,82.2,1.97,6.49
Rice,Kharif,14.9,94.0,18.3,109.1,30.7,45.7,7.51,194.2,3.66,54.56
Rice,Zaid,8.6,177.2,29.5,75.1,55.4,88.5,6.81,231.2,4.36,37.53
Rice,Rabi,9.1,173.1,21.5,141.1,36.8,21.7,7.24,85.4,4.32,39.33
Rice,Kharif,14.4,278.7,24.7,42.2,75.7,50.0,8.11,242.7,3.14,45.18
Rice,Rabi,3.7,117.1,26.7,92.2,43.7,79.1,8.01,64.1,3.57,13.2
Rice,Zaid,9.6,297.5,20.5,112.6,72.6,71.9,7.38,190.5,3.13,30.02
Rice,Rabi,12.3,266.8,34.4,111.6,50.1,75.9,7.25,190.4,3.02,37.16
Rice,Kharif,13.5,134.5,24.8,53.2,54.7,22.5,6.76,158.5,4.28,57.73
Rice,Zaid,4.5,59.7,23.5,115.2,39.6,78.0,6.23,243.1,3.7,16.65
Rice,Rabi,2.2,62.9,27.6,115.7,58.2,70.8,8.13,153.3,3.4,7.47
Rice,Rabi,7.1,236.0,22.5,65.8,24.9,50.0,7.36,61.6,3.02,21.45
Rice,Zaid,3.2,112.6,27.9,140.0,59.6,39.6,8.08,197.6,4.62,14.79
Rice,Rabi,1.7,191.5,20.9,56.8,40.5,26.4,5.75,112.3,3.65,6.2
Rice,Rabi,10.9,168.5,19.8,108.8,48.4,32.1,6.67,129.7,4.09,44.63
Rice,Rabi,8.6,221.0,29.1,172.1,76.7,80.7,7.22,210.2,4.01,34.48
Rice,Kharif,9.0,82.1,32.6,154.9,57.6,77.4,7.26,91.3,3.3,29.67
Rice,Kharif,5.5,261.2,18.4,154.0,36.9,28.3,7.38,175.8,3.29,18.09
Rice,Rabi,1.5,154.5,35.4,116.7,45.4,59.8,7.05,196.3,4.64,6.96
Rice,Kharif,13.1,190.5,22.3,135.2,64.4,36.7,6.52,156.9,3.49,45.76
Rice,Zaid,5.5,273.9,25.0,41.5,74.3,26.4,6.36,240.0,3.0,16.48
Rice,Rabi,2.3,200.6,28.0,69.8,76.8,74.7,5.81,236.2,4.1,9.43
Rice,Kharif,1.8,187.4,25.9,164.3,41.1,28.2,5.89,202.3,4.01,7.22
Rice,Zaid,12.5,226.6,19.5,51.9,79.2,46.2,6.5,212.6,3.79,47.33
Rice,Zaid,13.7,198.0,24.3,139.1,48.9,46.5,7.4,99.7,3.67,50.3
Rice,Rabi,1.2,167.2,19.0,56.6,27.1,65.4,7.51,166.7,3.94,4.73
Rice,Zaid,6.6,169.4,19.5,114.0,46.2,76.1,8.14,161.2,4.22,27.85
Rice,Kharif,14.9,68.4,28.0,175.7,51.4,64.1,7.38,140.9,3.75,55.82
Rice,Kharif,10.8,146.1,31.3,168.1,77.5,24.1,6.57,71.4,3.78,40.82
Rice,Kharif,7.5,138.3,28.5,50.9,78.5,89.0,7.39,157.2,4.09,30.67
Rice,Kharif,6.8,200.7,22.9,58.6,24.6,85.8,6.62,166.2,4.08,27.74
Rice,Zaid,13.1,61.3,18.5,92.7,68.6,89.1,5.91,168.8,3.42,44.76
Rice,Kharif,6.5,257.3,28.2,48.9,22.2,29.4,5.54,65.1,3.45,22.45
Rice,Kharif,13.8,196.3,31.1,146.0,42.7,36.9,6.05,100.3,3.76,51.95
Rice,Rabi,9.5,107.2,30.1,126.5,41.5,27.9,7.31,154.1,3.76,35.73
Rice,Rabi,12.4,292.0,19.6,150.9,55.4,53.6,6.64,206.9,3.23,40.0
Rice,Zaid,10.9,103.2,20.5,42.0,41.0,61.3,6.56,137.5,3.92,42.78
Rice,Kharif,7.3,277.6,23.4,113.3,61.9,75.8,6.74,218.4,3.67,26.78
Rice,Kharif,4.6,164.8,35.6,109.0,39.7,64.3,6.15,65.2,4.6,21.16
Rice,Kharif,6.6,224.4,21.2,137.5,44.7,81.2,6.89,244.6,3.52,23.23
Rice,Rabi,3.7,60.2,21.0,79.0,30.6,26.2,5.83,142.2,3.0,11.1
Rice,Kharif,2.3,170.3,30.4,111.6,29.4,46.4,5.51,223.7,4.07,9.35
Rice,Rabi,9.4,296.6,27.7,169.4,34.2,73.2,6.93,194.1,3.05,28.65
Rice,Rabi,8.2,183.0,19.9,102.6,52.0,37.0,6.23,125.5,4.02,32.94
Rice,Kharif,8.9,260.2,19.6,114.9,34.0,44.0,6.78,121.0,2.82,25.13
Rice,Rabi,8.5,196.7,31.4,100.4,27.7,39.9,6.48,179.2,3.96,33.63
Rice,Rabi,4.4,174.6,23.9,170.7,20.5,35.8,6.49,147.6,3.91,17.23
Rice,Zaid,3.4,274.2,19.4,113.4,44.6,88.8,5.8,129.6,2.7,9.18
Rice,Zaid,13.1,254.3,22.6,63.9,60.1,85.1,7.0,164.3,3.14,41.15
Rice,Rabi,14.6,227.7,21.6,143.1,51.8,69.5,7.57,67.5,3.42,49.89
Rice,Kharif,3.2,170.3,27.6,47.3,40.2,29.4,5.67,248.0,4.33,13.85
Rice,Rabi,2.9,50.7,20.1,106.2,56.4,75.6,5.79,220.1,3.56,10.33
Rice,Zaid,2.7,232.7,34.9,65.4,24.0,71.9,7.05,218.4,3.49,9.43
Rice,Zaid,3.3,91.1,32.7,133.1,51.4,45.1,7.87,128.5,3.83,12.65
Rice,Rabi,11.0,274.9,29.2,115.6,46.3,60.4,6.46,128.3,3.22,35.38
Rice,Rabi,9.7,79.2,34.9,127.9,40.1,29.7,7.64,174.0,3.7,35.89
Rice,Rabi,13.5,247.1,20.7,83.6,34.9,72.1,5.59,164.0,3.84,51.87
Rice,Kharif,2.4,184.1,24.8,104.0,56.2,55.2,6.96,147.3,3.98,9.54
Rice,Rabi,11.1,210.3,30.5,116.0,35.1,44.2,5.99,231.7,3.85,42.77
Rice,Kharif,5.0,203.7,34.4,59.5,26.0,37.9,7.46,168.6,3.41,17.04
Rice,Rabi,13.9,226.8,20.7,120.7,56.4,49.7,7.49,236.9,3.61,50.17
Rice,Rabi,3.6,259.4,24.0,83.6,33.6,62.6,6.52,198.8,3.16,11.38
Rice,Rabi,12.2,51.2,24.0,95.7,52.2,84.4,6.44,119.4,3.25,39.67
Rice,Zaid,1.5,278.2,22.5,120.9,29.9,22.4,6.34,206.1,3.35,5.02
Rice,Kharif,9.9,53.3,29.9,64.9,77.7,30.4,6.62,67.1,2.9,28.72
Rice,Zaid,5.3,149.3,25.7,152.0,41.0,52.8,7.19,125.5,4.0,21.18
Rice,Kharif,1.9,243.9,26.2,113.4,46.4,48.1,7.01,81.0,2.97,5.65
Rice,Kharif,11.5,118.1,34.2,113.7,68.0,88.5,7.77,223.4,4.21,48.43
Rice,Zaid,8.7,113.5,21.5,110.8,55.7,43.7,7.04,227.5,4.5,39.13
Rice,Rabi,14.8,200.8,32.5,174.8,76.7,29.9,6.6,114.8,3.89,57.5
Rice,Zaid,1.2,71.4,21.7,43.7,30.9,60.8,6.64,228.5,3.3,3.96
Rice,Zaid,12.6,140.8,18.6,156.3,40.7,74.2,6.48,222.2,4.88,61.48
Rice,Zaid,14.3,240.9,20.5,161.6,49.2,82.6,7.66,135.0,3.84,54.96
Rice,Kharif,10.8,150.6,21.9,130.3,45.3,29.3,7.93,188.2,4.53,48.97
Rice,Zaid,1.3,278.6,20.1,120.7,36.4,58.8,7.26,215.9,2.87,3.72
Rice,Rabi,11.3,112.7,29.4,109.2,54.4,78.7,6.59,204.2,3.88,43.8
Rice,Kharif,1.7,91.6,31.3,51.6,56.2,37.2,6.55,107.7,3.82,6.49
Rice,Zaid,14.3,149.2,35.2,58.9,49.0,38.9,6.96,82.4,4.56,65.14
Rice,Kharif,12.8,288.8,20.8,127.3,48.5,44.1,6.45,132.6,2.62,33.57
Rice,Zaid,4.4,254.8,32.4,137.3,36.3,61.3,6.47,68.3,3.54,15.57
Rice,Kharif,14.5,247.5,30.4,113.0,25.2,87.1,7.55,177.8,3.77,54.67
Rice,Zaid,12.9,112.4,26.8,71.0,79.3,86.1,5.61,191.1,4.42,57.01
Rice,Zaid,15.0,189.0,26.5,83.8,27.2,71.2,6.02,73.1,3.67,55.02
Rice,Rabi,13.1,261.1,23.7,156.0,22.2,61.7,6.12,74.1,3.15,41.3
Rice,Kharif,13.4,182.6,25.9,96.6,54.3,76.3,6.95,182.3,4.39,58.78
Rice,Zaid,9.6,108.2,18.4,161.8,21.3,81.2,6.93,237.8,4.3,41.25
Rice,Kharif,2.0,52.4,18.9,52.4,22.3,53.6,7.07,104.3,3.04,6.08
Rice,Kharif,6.9,234.4,22.3,55.5,41.3,40.1,6.3,96.7,3.72,25.7
Rice,Kharif,4.9,277.6,18.8,55.3,43.5,28.7,8.08,209.6,3.08,15.09
Rice,Zaid,13.3,286.2,26.4,125.9,30.0,89.4,6.13,238.5,2.86,37.99
Rice,Kharif,4.2,257.7,20.2,46.6,43.0,22.6,8.08,215.2,3.8,15.96
Rice,Rabi,10.7,88.5,32.7,71.4,33.4,57.6,7.1,166.0,3.58,38.29
Rice,Kharif,7.4,147.8,22.9,106.7,22.7,79.7,5.6,115.8,3.96,29.32
Rice,Kharif,6.7,143.2,22.7,141.3,49.8,25.7,6.09,186.7,4.46,29.91
Rice,Kharif,14.9,65.4,33.9,112.3,74.4,60.0,7.29,158.8,3.65,54.34
Rice,Zaid,12.2,214.6,33.3,161.4,62.5,78.6,7.38,186.0,3.67,44.79
Rice,Kharif,10.8,97.3,33.9,174.6,47.9,81.5,5.51,214.0,3.8,41.02
Rice,Zaid,12.5,258.0,27.1,40.9,37.2,63.2,8.15,176.4,3.41,42.65
Rice,Zaid,6.3,52.3,32.7,58.0,37.0,21.3,6.67,218.0,3.55,22.37
Rice,Rabi,1.9,125.2,30.7,49.4,54.9,44.2,7.18,59.1,3.9,7.41
Rice,Zaid,14.9,219.0,26.0,130.7,55.7,46.9,5.68,214.3,4.29,63.89
Rice,Kharif,10.6,161.5,22.9,179.6,45.6,51.6,5.94,209.0,4.44,47.09
Rice,Kharif,5.2,260.0,31.9,72.2,27.9,80.8,8.1,56.3,2.88,14.95
Rice,Kharif,9.9,149.4,22.9,177.8,44.6,82.6,6.12,92.6,4.34,42.92
Rice,Zaid,10.1,142.1,33.6,106.2,78.1,33.0,7.85,205.3,4.98,50.27
Rice,Zaid,1.3,249.2,23.3,167.7,78.1,33.0,6.75,50.2,2.26,2.93
Rice,Zaid,2.8,221.4,25.7,68.1,49.5,24.5,7.07,103.8,4.03,11.3
Rice,Zaid,6.5,293.7,31.0,132.0,65.4,86.7,7.95,194.9,2.79,18.16
Rice,Rabi,2.5,110.5,35.8,59.9,49.9,63.3,7.4,161.9,4.04,10.1
Rice,Rabi,2.2,137.7,18.6,51.0,43.8,29.3,7.03,187.9,3.76,8.28
Rice,Zaid,12.5,60.3,30.1,173.2,27.5,82.7,7.11,173.3,4.0,50.03
Rice,Rabi,13.2,228.5,32.4,87.5,68.9,25.6,7.92,159.5,3.65,48.16
Rice,Kharif,12.0,170.2,18.7,63.0,46.3,70.7,7.1,180.1,4.16,49.94
Rice,Rabi,14.7,134.2,21.3,150.6,59.5,54.9,7.0,193.8,4.48,65.92
Rice,Zaid,5.7,185.6,26.9,51.4,44.2,35.4,6.63,90.7,4.1,23.39
Rice,Kharif,11.2,235.7,25.7,88.4,42.3,89.1,5.61,223.4,3.62,40.54
Rice,Rabi,7.1,231.3,26.8,162.3,74.0,49.5,6.25,168.5,3.15,22.4
Rice,Rabi,7.5,259.0,22.2,148.6,44.3,62.1,7.21,124.6,2.64,19.83
Rice,Rabi,3.5,263.6,26.9,74.6,72.2,51.2,6.89,121.8,3.13,10.96
Rice,Zaid,5.4,149.8,33.4,41.3,55.3,61.9,6.57,97.4,3.95,21.35
Rice,Zaid,4.3,68.4,21.1,112.8,40.2,78.0,6.66,99.7,2.94,12.63
Rice,Zaid,9.5,139.2,27.6,149.5,62.3,51.2,7.83,161.6,3.84,36.49
Rice,Kharif,2.6,117.4,19.0,114.4,76.2,22.8,5.83,140.4,4.5,11.69
Rice,Zaid,6.6,170.0,30.3,42.4,39.4,88.1,7.07,100.8,4.21,27.76
Rice,Rabi,7.8,216.7,20.5,44.2,38.5,69.3,6.05,184.7,3.93,30.66
Rice,Rabi,3.2,108.6,35.3,75.7,59.7,88.5,6.51,53.5,3.35,10.71
Rice,Rabi,9.6,267.2,28.3,44.3,75.9,68.3,7.33,93.1,3.43,32.9
Rice,Kharif,2.5,214.5,36.0,46.7,78.6,48.5,7.85,206.5,3.5,8.75
Rice,Zaid,5.0,77.3,29.7,147.1,75.5,50.7,7.93,225.6,4.2,20.99
Rice,Kharif,2.7,186.1,18.1,85.4,42.0,47.7,7.38,127.7,3.82,10.31
Wheat,Kharif,9.4,186.4,26.0,42.1,55.2,31.8,7.23,201.9,4.07,38.25
Wheat,Zaid,8.3,169.8,18.5,87.8,42.8,47.9,7.07,156.7,3.77,31.26
Wheat,Kharif,6.5,187.4,31.4,140.2,51.3,77.6,6.66,229.3,3.84,24.94
Wheat,Zaid,14.0,65.1,34.8,89.2,26.1,54.0,6.19,107.0,3.15,44.1
Wheat,Rabi,14.0,183.1,28.5,52.5,63.1,48.0,8.14,214.6,4.04,56.52
Wheat,Zaid,3.5,181.3,30.8,55.0,54.0,38.0,8.1,146.7,3.46,12.1
Wheat,Rabi,12.4,143.4,27.5,55.7,20.2,64.7,6.89,168.7,4.15,51.43
Wheat,Zaid,6.8,260.0,34.2,89.5,34.2,74.6,6.24,214.5,2.76,18.75
Wheat,Zaid,10.3,73.9,29.2,103.2,55.2,31.8,7.49,222.6,3.14,32.31
Wheat,Zaid,5.4,107.6,21.7,129.3,35.4,64.2,5.66,78.4,3.41,18.42
Wheat,Rabi,9.4,219.0,26.0,102.4,63.5,21.1,6.42,213.7,3.69,34.64
Wheat,Kharif,11.8,116.2,29.6,123.4,44.1,45.7,6.43,173.4,3.69,43.56
Wheat,Kharif,8.3,66.9,32.4,72.7,52.4,81.6,7.26,156.6,2.87,23.8
Wheat,Kharif,1.7,144.6,24.5,179.4,46.8,43.3,7.07,67.8,3.64,6.19
Wheat,Zaid,3.5,222.5,21.6,115.0,25.8,51.5,7.54,119.5,2.93,10.27
Wheat,Kharif,14.9,281.8,27.7,157.9,51.3,63.7,5.74,201.1,2.74,40.82
Wheat,Rabi,9.5,176.7,20.9,48.8,27.1,35.9,6.42,126.2,3.7,35.15
Wheat,Kharif,5.3,149.2,26.0,124.1,50.9,84.4,6.84,248.4,4.54,24.05
Wheat,Zaid,6.5,175.3,25.1,115.6,57.7,67.2,6.94,194.3,3.75,24.37
Wheat,Kharif,2.1,150.7,21.1,137.3,40.8,88.3,7.23,214.5,4.49,9.43
Wheat,Rabi,7.7,128.4,28.9,59.5,73.9,78.1,6.36,240.6,4.01,30.91
Wheat,Rabi,2.0,56.5,20.4,174.8,53.0,87.6,6.67,112.4,2.74,5.47
Wheat,Kharif,13.3,119.4,33.3,40.0,21.1,62.2,6.48,127.3,3.59,47.75
Wheat,Rabi,1.8,298.7,19.0,137.3,79.0,36.7,5.88,74.3,2.73,4.92
Wheat,Kharif,4.7,94.4,30.4,126.5,58.0,36.0,6.13,94.2,3.42,16.08
Wheat,Kharif,7.0,82.7,34.0,103.0,31.7,45.7,6.62,215.5,4.11,28.77
Wheat,Zaid,6.4,291.0,22.5,58.7,45.1,75.3,7.07,186.2,2.31,14.75
Wheat,Kharif,12.7,207.3,21.6,49.0,22.6,46.0,6.22,179.2,3.79,48.19
Wheat,Kharif,12.8,74.5,26.8,61.0,39.5,71.6,6.79,125.2,3.56,45.6
Wheat,Rabi,13.5,288.8,32.2,84.2,61.3,50.6,6.19,218.2,2.73,36.88
Wheat,Zaid,4.5,245.3,32.9,109.4,43.2,51.5,6.11,227.9,2.98,13.39
Wheat,Kharif,11.3,178.1,30.2,45.8,25.1,70.1,5.69,64.3,3.48,39.31
Wheat,Zaid,14.4,234.4,24.4,81.5,41.0,74.2,7.29,87.0,3.31,47.7
Wheat,Kharif,12.6,67.2,25.6,51.6,50.9,82.9,7.61,95.6,2.49,31.37
Wheat,Rabi,6.3,101.4,20.2,126.1,66.5,65.1,6.93,58.4,3.06,19.27
Wheat,Kharif,7.6,78.5,26.7,168.8,51.2,63.2,5.92,58.7,2.95,22.42
Wheat,Kharif,14.0,106.2,24.7,100.5,46.4,62.9,8.05,98.1,3.41,47.75
Wheat,Rabi,1.2,298.1,30.1,84.4,72.8,38.1,6.97,177.2,3.11,3.73
Wheat,Rabi,7.4,260.5,31.1,148.7,59.4,32.4,6.97,246.9,3.59,26.57
Wheat,Kharif,2.5,221.3,19.7,175.1,49.3,30.5,6.42,132.7,3.33,8.33
Wheat,Zaid,9.3,177.1,23.4,119.1,61.3,81.1,7.22,202.2,3.97,36.96
Wheat,Kharif,12.4,235.4,33.9,78.9,31.6,81.6,7.28,112.2,2.76,34.23
Wheat,Rabi,11.3,204.0,21.4,89.8,67.0,58.8,5.51,202.2,3.85,43.46
Wheat,Rabi,10.5,239.1,33.2,105.8,50.1,28.7,6.54,178.7,3.41,35.76
Wheat,Kharif,13.4,198.3,25.0,97.8,61.7,20.2,7.17,121.1,3.09,41.39
Wheat,Rabi,13.2,177.5,31.0,54.6,33.5,69.2,5.64,147.3,3.32,43.88
Wheat,Rabi,12.3,117.5,32.9,109.8,24.6,24.1,6.4,207.0,4.02,49.44
Wheat,Zaid,8.3,143.4,20.2,143.0,34.2,46.0,5.67,210.3,4.04,33.55
Wheat,Rabi,15.0,283.3,29.6,99.0,58.2,75.0,5.82,132.0,2.85,42.81
Wheat,Rabi,14.3,100.7,28.2,177.2,29.9,69.0,7.08,167.3,3.8,54.35
Wheat,Kharif,8.3,124.7,34.9,76.3,45.8,81.1,7.77,87.2,3.74,31.03
Wheat,Rabi,10.9,207.8,18.9,166.5,74.6,74.6,5.52,61.5,3.15,34.36
Wheat,Zaid,9.5,83.8,31.5,132.0,77.4,24.8,5.65,106.4,3.32,31.54
Wheat,Rabi,4.5,118.0,31.7,103.0,66.6,24.6,6.82,56.7,3.35,15.06
Wheat,Zaid,13.7,84.8,27.6,97.6,40.8,83.0,5.56,182.8,3.4,46.59
Wheat,Kharif,12.6,246.9,29.2,109.2,78.8,30.1,7.46,88.2,3.12,39.28
Wheat,Zaid,7.5,293.0,29.0,88.9,26.8,30.6,6.11,100.2,2.59,19.44
Wheat,Rabi,14.7,106.9,25.3,116.0,67.5,58.4,7.15,95.2,3.9,57.31
Wheat,Rabi,7.8,91.4,35.0,159.0,60.1,52.4,6.61,180.2,3.76,29.34
Wheat,Rabi,2.6,139.0,35.6,151.2,49.8,43.8,7.85,159.0,3.77,9.81
Wheat,Rabi,11.6,54.5,20.3,132.3,29.7,37.9,8.06,162.0,3.55,41.22
Wheat,Zaid,2.3,135.9,23.1,94.7,67.9,46.0,6.72,129.5,4.32,9.93
Wheat,Zaid,11.9,291.1,21.7,113.3,37.2,75.5,7.06,176.9,2.38,28.33
Wheat,Zaid,13.6,180.0,26.1,118.1,30.0,62.9,6.48,229.4,4.11,55.95
Wheat,Rabi,14.8,85.2,21.6,65.8,73.6,65.8,5.91,138.1,3.42,50.66
Wheat,Zaid,5.5,297.1,26.7,57.1,63.5,42.6,8.19,246.0,2.62,14.42
Wheat,Kharif,3.3,53.2,28.1,113.8,63.2,82.3,5.71,196.3,2.86,9.44
Wheat,Rabi,13.9,77.7,31.7,178.3,74.1,65.6,6.35,100.9,2.9,40.37
Wheat,Kharif,12.6,133.8,21.1,139.7,69.6,27.0,6.15,78.4,3.43,43.16
Wheat,Kharif,9.6,158.9,28.4,143.3,68.4,79.1,6.19,56.2,3.77,36.16
Wheat,Zaid,10.5,131.3,30.4,49.7,30.5,79.9,6.11,217.4,4.01,42.06
Wheat,Kharif,13.1,103.9,24.5,49.6,65.8,48.6,7.55,230.7,3.66,47.98
Wheat,Rabi,11.7,247.1,30.0,76.4,74.4,67.0,7.01,72.2,3.12,36.49
Wheat,Zaid,8.7,145.1,35.6,55.5,45.4,22.9,7.5,233.6,4.23,36.84
Wheat,Kharif,2.8,226.9,35.5,155.6,62.0,78.8,8.15,174.3,3.54,9.92
Wheat,Kharif,4.9,268.2,20.0,138.5,52.4,26.8,6.15,52.5,2.46,12.07
Wheat,Kharif,12.5,68.6,22.1,142.2,55.9,24.5,7.87,225.5,3.64,45.53
Wheat,Zaid,3.6,69.7,22.3,151.2,22.1,60.8,8.19,221.1,3.47,12.49
Wheat,Rabi,10.2,113.1,22.0,108.4,64.3,56.8,5.59,223.7,3.94,40.14
Wheat,Kharif,8.2,157.6,23.7,100.8,66.4,62.1,7.91,138.7,4.16,34.11
Wheat,Rabi,9.8,197.9,30.6,73.2,50.7,27.3,6.54,147.5,3.31,32.45
Wheat,Zaid,7.6,296.0,22.8,97.0,73.5,20.2,5.61,170.8,2.37,18.01
Wheat,Kharif,3.0,119.2,35.5,86.4,48.9,33.7,7.15,106.1,3.52,10.57
Wheat,Zaid,1.1,104.8,18.7,55.1,40.3,76.2,7.04,152.5,3.58,3.94
Wheat,Zaid,1.6,119.5,32.7,79.8,69.1,57.2,7.88,165.0,4.24,6.79
Wheat,Kharif,14.9,82.9,22.9,95.2,45.3,48.8,7.95,192.8,3.46,51.54
Wheat,Zaid,5.3,255.9,35.2,155.0,20.1,64.5,5.64,101.5,3.04,16.11
Wheat,Kharif,12.2,215.7,19.7,123.5,53.0,83.0,6.59,114.2,2.96,36.09
Wheat,Kharif,14.2,217.1,30.2,90.7,55.6,20.7,7.22,232.7,3.52,49.92
Wheat,Zaid,9.9,235.2,27.5,156.1,79.5,77.4,7.38,156.5,3.11,30.75
Wheat,Kharif,7.8,194.3,18.8,57.2,53.5,44.0,7.47,180.5,3.51,27.4
Wheat,Zaid,10.4,118.8,23.5,150.5,46.8,75.9,7.72,221.5,4.39,45.61
Wheat,Rabi,11.6,74.7,34.0,41.7,42.2,21.9,6.56,155.2,3.22,37.34
Wheat,Zaid,3.0,272.5,24.2,61.6,21.5,65.2,7.22,118.1,2.41,7.23
Wheat,Zaid,12.1,199.0,19.8,158.6,51.9,78.9,7.07,161.9,3.37,40.73
Wheat,Rabi,7.8,56.9,27.1,175.0,43.1,22.7,5.58,127.6,3.13,24.45
Wheat,Zaid,6.5,128.3,20.6,108.3,27.8,78.5,6.5,125.0,3.78,24.59
Wheat,Kharif,12.6,296.0,23.2,174.6,43.4,47.0,6.42,158.3,2.8,35.28
Wheat,Rabi,7.7,183.1,21.0,74.6,70.3,44.9,7.73,191.8,3.78,29.14
Wheat,Zaid,4.8,291.6,28.0,88.6,54.8,29.7,6.7,175.2,2.54,12.19
Wheat,Kharif,3.9,245.6,31.2,82.1,39.5,75.5,6.75,196.2,3.85,15.0
Wheat,Kharif,4.2,291.0,34.4,141.1,52.0,80.9,5.85,208.1,2.36,9.92
Wheat,Rabi,12.1,118.9,33.8,172.2,28.9,52.4,8.15,146.7,3.26,39.42
Wheat,Rabi,5.0,100.8,31.7,94.1,50.7,54.5,7.06,223.1,4.07,20.35
Wheat,Kharif,7.4,160.9,28.8,122.8,68.4,53.4,8.19,61.9,3.91,28.91
Wheat,Rabi,13.5,65.6,33.9,102.8,50.6,63.9,8.0,53.8,2.86,38.6
Wheat,Rabi,10.6,230.7,30.5,58.8,38.0,45.1,7.67,105.8,2.96,31.33
Wheat,Zaid,1.2,234.5,33.0,143.7,28.6,72.7,7.58,181.7,3.48,4.17
Wheat,Zaid,13.4,225.0,19.9,95.9,63.4,39.6,7.36,54.9,2.8,37.54
Wheat,Rabi,12.3,286.9,19.3,173.7,51.4,41.0,5.71,150.1,2.57,31.62
Wheat,Zaid,4.4,169.6,20.6,139.4,60.0,34.8,7.83,130.3,3.72,16.38
Wheat,Kharif,13.7,130.4,26.6,71.6,58.4,88.5,7.13,121.6,3.91,53.55
Wheat,Rabi,11.6,97.0,31.0,161.4,47.2,77.5,7.0,177.4,3.78,43.81
Wheat,Rabi,12.5,251.0,27.9,112.8,28.6,74.3,6.23,149.3,2.76,34.54
Wheat,Rabi,13.3,255.9,31.0,78.0,44.1,27.2,6.01,206.6,3.34,44.47
Wheat,Zaid,1.9,259.8,18.1,74.6,64.5,42.1,5.78,122.0,2.59,4.92
Wheat,Zaid,8.9,266.6,28.3,167.0,76.6,49.6,6.52,237.3,3.13,27.9
Wheat,Kharif,7.9,146.9,29.4,138.5,20.3,31.7,7.43,183.3,3.96,31.31
Wheat,Kharif,4.9,82.4,30.2,172.2,36.1,53.3,7.21,249.9,3.74,18.31
Wheat,Rabi,8.0,158.2,26.2,69.2,42.1,45.9,5.64,203.5,4.09,32.76
Wheat,Zaid,8.7,153.9,31.0,92.0,72.2,71.1,7.25,209.2,3.8,33.08
Wheat,Kharif,2.9,212.9,31.3,84.2,58.7,47.7,7.43,89.8,3.42,9.92
Wheat,Kharif,5.0,141.9,19.0,55.6,51.0,38.7,7.76,52.9,3.65,18.27
Wheat,Rabi,1.4,234.1,23.9,166.8,36.0,70.7,7.87,58.3,2.95,4.12
Wheat,Zaid,10.5,128.0,31.9,148.2,51.3,88.3,5.84,53.4,3.1,32.58
Wheat,Zaid,3.5,158.9,24.0,87.9,64.3,35.6,7.23,164.1,3.65,12.76
Wheat,Kharif,10.3,187.1,33.8,134.6,52.8,78.1,7.14,108.2,3.12,32.12
Wheat,Kharif,1.9,107.1,22.4,107.8,64.8,53.2,5.66,241.6,3.67,6.98
Wheat,Zaid,4.3,182.7,29.7,130.2,53.7,74.4,6.05,195.1,3.93,16.88
Wheat,Kharif,11.9,194.6,20.6,153.6,58.2,47.2,7.32,102.0,3.18,37.82
Wheat,Kharif,14.3,134.3,31.0,115.4,23.6,68.3,7.36,236.1,3.88,55.55
Wheat,Rabi,14.4,182.4,22.4,110.1,60.8,25.3,6.24,211.4,3.86,55.55
Wheat,Kharif,8.7,95.1,26.3,118.5,71.8,53.7,7.92,184.9,3.47,30.19
Wheat,Kharif,14.4,99.2,35.1,179.3,62.7,88.7,7.04,101.9,3.51,50.6
Wheat,Kharif,13.9,94.0,21.9,41.8,20.9,78.1,7.48,121.0,3.38,46.99
Wheat,Zaid,14.7,239.3,20.9,106.8,63.1,37.3,7.23,183.3,3.36,49.39
Wheat,Zaid,14.4,240.9,33.4,124.4,70.1,74.9,6.52,160.4,2.83,40.69
Wheat,Rabi,5.5,262.0,31.1,53.4,45.7,22.0,6.8,182.5,3.13,17.22
Wheat,Kharif,13.6,88.5,35.8,173.7,49.7,55.9,6.8,177.1,3.06,41.62
Wheat,Zaid,9.7,298.1,25.0,120.3,44.9,79.3,7.94,225.5,2.6,25.18
Wheat,Kharif,8.1,105.2,18.7,45.0,30.5,80.7,6.26,240.1,3.98,32.22
Wheat,Rabi,7.0,131.6,33.1,60.1,45.8,83.3,7.78,130.2,4.2,29.39
Wheat,Rabi,11.9,169.1,27.0,68.7,55.5,33.0,6.4,221.0,4.07,48.46
Wheat,Kharif,6.7,252.7,33.0,86.5,61.6,74.0,7.27,80.3,2.99,20.02
Wheat,Rabi,7.5,61.4,23.2,170.3,43.5,58.3,6.94,168.1,3.52,26.43
Wheat,Zaid,3.8,100.9,18.2,101.2,73.0,23.6,6.02,112.0,3.2,12.17
Wheat,Rabi,10.3,235.5,33.3,99.2,38.2,42.8,7.42,213.4,3.25,33.47
Wheat,Rabi,15.0,151.4,22.0,146.7,52.5,30.5,6.53,132.9,3.75,56.18
Wheat,Zaid,10.9,91.8,32.1,121.7,77.1,23.0,6.22,170.3,3.74,40.8
Wheat,Zaid,2.4,178.5,27.2,91.7,76.0,77.9,7.38,192.9,4.08,9.79
Maize,Rabi,12.2,80.5,20.3,159.1,40.7,22.2,5.64,78.4,3.9,47.53
Maize,Rabi,11.2,190.5,35.0,109.5,42.8,31.4,7.62,196.9,4.79,53.66
Maize,Kharif,1.2,245.5,20.2,151.7,57.0,79.0,5.76,161.8,3.78,4.54
Maize,Zaid,14.5,62.9,27.1,140.6,71.8,32.5,7.66,160.5,4.27,61.98
Maize,Rabi,13.3,252.2,30.2,127.5,39.0,77.1,6.85,64.2,3.72,49.43
Maize,Zaid,12.7,276.5,18.2,134.4,23.1,58.4,6.28,111.4,3.87,49.13
Maize,Kharif,6.8,283.7,25.7,162.9,56.3,37.3,6.46,66.8,2.59,17.63
Maize,Rabi,1.8,143.5,35.0,129.8,60.3,64.3,6.04,133.7,5.12,9.21
Maize,Rabi,9.4,297.6,23.9,171.8,74.9,20.8,6.72,245.4,3.83,36.0
Maize,Rabi,10.9,155.7,24.2,95.7,35.9,34.4,6.8,103.7,4.35,47.47
Maize,Zaid,10.7,86.0,28.7,64.1,75.5,24.8,6.66,189.2,4.72,50.5
Maize,Zaid,4.7,53.8,35.4,75.1,60.6,69.5,7.15,112.6,3.99,18.73
Maize,Zaid,9.4,266.5,35.0,54.8,29.3,86.1,7.49,226.6,3.86,36.29
Maize,Kharif,6.2,62.6,29.3,94.0,76.2,57.9,8.04,94.1,4.05,25.09
Maize,Zaid,12.8,97.1,30.1,176.8,26.1,20.6,6.67,68.5,3.99,51.01
Maize,Zaid,8.2,159.6,35.9,72.1,52.8,66.9,7.39,90.8,4.58,37.52
Maize,Zaid,3.8,269.4,31.3,41.9,34.9,35.0,6.23,99.5,3.84,14.58
Maize,Kharif,9.5,218.2,19.5,173.2,70.3,76.4,7.72,236.5,4.2,39.92
Maize,Kharif,12.0,149.4,27.2,75.5,79.3,40.4,7.58,135.5,5.14,61.65
Maize,Rabi,4.8,142.1,34.1,133.3,67.2,51.8,7.2,99.7,5.35,25.7
Maize,Kharif,7.0,160.6,29.7,171.1,23.8,77.7,6.29,138.8,4.8,33.57
Maize,Rabi,6.7,167.4,18.5,69.4,36.9,69.9,5.53,131.8,4.09,27.38
Maize,Zaid,3.2,90.1,19.3,66.0,59.9,81.7,7.7,187.0,4.2,13.45
Maize,Kharif,8.7,113.7,31.4,50.7,72.4,78.0,6.08,211.9,4.9,42.64
Maize,Zaid,5.6,138.6,27.1,171.8,72.6,27.2,6.56,160.7,4.84,27.13
Maize,Zaid,12.1,271.1,24.2,104.7,44.9,20.9,6.3,141.8,2.59,31.33
Maize,Rabi,3.5,223.5,22.1,56.5,29.9,20.1,7.44,196.5,4.23,14.82
Maize,Rabi,5.8,153.6,31.2,163.4,27.3,64.4,7.07,73.7,3.83,22.19
Maize,Kharif,9.5,111.3,19.0,94.7,34.1,35.4,8.09,173.3,4.98,47.27
Maize,Kharif,13.2,219.7,25.4,145.5,32.2,42.9,6.98,165.1,3.86,51.01
Maize,Kharif,8.5,78.8,28.9,56.4,40.2,30.0,7.37,91.3,4.03,34.25
Maize,Zaid,11.8,287.9,32.0,125.6,71.4,67.1,6.6,227.1,3.77,44.43
Maize,Zaid,10.6,113.3,18.2,141.3,52.1,78.5,7.72,218.7,4.51,47.84
Maize,Rabi,8.4,177.6,32.8,96.6,49.1,20.9,6.61,179.6,4.38,36.76
Maize,Kharif,13.6,100.9,19.2,162.8,43.4,57.9,8.11,63.3,3.9,53.11
Maize,Zaid,8.2,297.3,22.2,172.0,22.6,51.2,5.69,195.8,3.3,27.04
Maize,Kharif,10.9,143.6,24.7,46.3,41.0,85.1,6.52,216.3,5.53,60.31
Maize,Rabi,2.3,75.9,18.9,121.3,45.6,58.4,6.91,120.0,3.35,7.7
Maize,Rabi,11.6,53.7,21.7,139.9,43.2,66.4,6.44,128.2,3.67,42.53
Maize,Rabi,9.4,213.5,34.0,121.0,57.9,31.0,6.78,193.3,4.33,40.66
Maize,Kharif,6.4,197.1,21.3,124.0,71.7,80.8,7.46,199.2,4.08,26.11
Maize,Kharif,7.2,162.7,35.3,100.4,53.0,57.3,7.22,199.6,4.96,35.73
Maize,Zaid,5.5,117.4,21.4,137.2,33.1,61.7,6.21,182.4,4.51,24.79
Maize,Kharif,14.8,246.7,31.9,144.7,29.0,35.2,6.75,102.8,3.97,58.76
Maize,Zaid,13.3,110.8,28.0,45.5,60.0,42.6,7.92,227.6,4.77,63.41
Maize,Rabi,4.5,194.2,19.2,53.3,79.9,42.9,7.52,211.3,4.64,20.86
Maize,Rabi,1.1,166.5,28.3,82.6,39.1,87.3,7.91,219.8,4.28,4.71
Maize,Zaid,10.2,108.0,18.3,147.0,57.4,73.4,5.61,217.4,4.8,48.96
Maize,Rabi,1.1,284.6,25.5,96.3,43.4,24.9,7.22,196.6,3.05,3.35
Maize,Rabi,4.2,199.2,34.7,170.1,40.5,56.9,6.07,249.1,5.14,21.58
Maize,Rabi,10.1,251.1,30.9,123.0,23.2,51.8,7.32,185.5,3.54,35.74
Maize,Rabi,10.0,293.6,19.3,117.7,64.9,76.7,6.62,90.8,2.99,29.9
Maize,Rabi,7.4,216.9,33.1,63.8,21.1,74.5,7.15,189.9,4.37,32.32
Maize,Zaid,9.9,288.4,33.9,121.8,70.0,65.0,5.71,198.1,3.38,33.51
Maize,Zaid,1.7,57.9,25.6,51.8,56.4,81.7,7.88,181.8,3.98,6.76
Maize,Zaid,10.6,143.9,32.4,163.8,27.5,34.0,6.08,188.2,4.91,52.1
Maize,Rabi,14.6,166.3,33.3,48.7,40.1,24.7,8.13,213.4,4.66,67.97
Maize,Rabi,4.0,107.3,26.4,77.6,26.1,31.7,5.9,244.6,4.61,18.43
Maize,Rabi,3.3,78.6,18.2,61.8,32.4,64.1,6.09,54.1,3.37,11.11
Maize,Zaid,10.4,65.6,21.8,153.3,28.8,44.0,7.83,81.0,3.13,32.54
Maize,Zaid,2.4,257.3,30.7,126.4,29.4,53.5,7.61,110.7,3.36,8.06
Maize,Kharif,14.8,148.9,30.9,79.5,41.8,33.4,6.44,159.4,5.22,77.24
Maize,Rabi,13.1,128.5,27.7,157.6,79.4,82.3,6.5,89.0,5.07,66.35
Maize,Rabi,8.8,221.8,29.8,56.4,68.0,28.6,7.39,133.2,3.77,33.15
Maize,Zaid,13.6,272.5,32.7,111.4,64.2,55.9,7.85,130.6,3.33,45.26
Maize,Kharif,4.9,82.9,33.4,63.1,71.3,54.4,6.6,230.6,4.36,21.37
Maize,Zaid,9.1,189.7,24.7,150.0,35.2,85.7,7.91,117.5,4.37,39.75
Maize,Zaid,3.5,218.2,22.0,70.5,72.4,37.5,6.21,50.1,3.82,13.38
Maize,Rabi,9.4,63.4,24.8,72.5,35.9,58.8,6.04,108.8,3.89,36.61
Maize,Rabi,12.0,197.5,18.1,148.2,62.1,63.1,7.55,152.6,4.33,51.96
Maize,Zaid,15.0,242.4,25.2,155.9,30.2,22.1,6.05,118.1,3.88,58.2
Maize,Zaid,8.1,175.3,18.9,44.9,53.1,50.7,7.77,82.1,4.33,35.1
Maize,Kharif,11.6,103.9,24.0,105.2,66.4,84.0,6.01,234.5,4.15,48.12
Maize,Rabi,1.8,192.1,29.7,69.5,53.4,80.0,7.75,235.5,4.8,8.65
Maize,Zaid,1.9,54.8,32.9,113.5,66.5,36.4,6.43,56.0,3.8,7.22
Maize,Rabi,10.1,98.1,23.3,126.7,56.0,55.4,6.45,232.6,5.1,51.52
Maize,Zaid,7.4,219.5,27.8,88.6,46.1,75.6,6.25,78.5,3.75,27.75
Maize,Zaid,14.8,284.7,26.2,67.8,29.9,36.8,7.42,104.6,3.16,46.73
Maize,Rabi,14.6,161.7,27.0,74.5,48.3,66.3,7.53,200.8,4.7,68.64
Maize,Rabi,2.6,285.4,32.1,104.7,71.9,37.5,7.44,221.2,3.09,8.03
Maize,Kharif,13.5,277.3,23.6,136.7,36.3,33.3,6.0,118.4,3.28,44.3
Maize,Kharif,3.4,171.5,20.1,135.5,77.0,29.6,7.48,176.4,4.76,16.2
Maize,Zaid,6.5,138.8,18.8,70.5,20.9,60.7,5.79,224.6,4.74,30.81
Maize,Zaid,8.8,285.7,19.5,75.6,66.8,26.9,5.7,122.3,3.7,32.52
Maize,Zaid,14.7,103.7,19.2,123.3,64.3,22.3,7.28,156.5,4.39,64.46
Maize,Zaid,5.1,284.6,32.7,177.7,35.6,87.9,6.66,119.5,2.69,13.69
Maize,Rabi,2.6,56.8,27.4,70.6,79.4,60.2,5.87,187.8,3.98,10.34
Maize,Rabi,7.7,137.7,24.5,152.8,39.7,34.6,5.73,143.3,4.81,37.01
Maize,Zaid,13.8,191.4,21.3,59.5,54.6,73.3,7.61,105.2,4.11,56.74
Maize,Rabi,9.4,284.3,23.6,75.0,59.2,63.3,6.4,235.6,3.18,29.91
Maize,Zaid,2.0,154.4,20.1,125.8,76.3,66.3,5.71,120.9,5.06,10.12
Maize,Rabi,12.4,203.0,24.7,75.7,26.4,44.8,6.62,185.2,4.2,52.09
Maize,Kharif,4.9,104.2,23.2,117.9,21.7,83.5,5.92,94.0,3.88,19.01
Maize,Kharif,5.4,292.2,22.7,83.8,70.2,23.5,6.75,125.9,3.15,16.99
Maize,Kharif,9.8,150.8,31.5,114.4,60.6,50.0,7.48,214.9,5.18,50.78
Maize,Zaid,8.0,158.4,22.5,116.6,36.5,83.1,6.08,226.9,4.91,39.32
Maize,Rabi,4.8,51.6,35.6,175.2,43.7,71.0,6.43,184.2,3.37,16.2
Maize,Zaid,6.4,204.8,26.2,149.2,79.9,33.4,6.74,136.2,4.06,25.97
Maize,Kharif,14.1,95.3,29.2,71.2,38.4,58.3,6.63,82.0,3.31,46.68
Maize,Rabi,12.2,231.1,30.4,87.7,68.3,23.7,5.93,117.1,4.43,54.09
Maize,Rabi,4.3,55.9,33.0,176.5,28.1,36.2,7.84,235.3,3.91,16.82
Maize,Zaid,13.0,232.8,35.0,149.4,38.8,37.4,7.38,122.8,3.73,48.5
Maize,Kharif,1.1,65.5,27.6,119.3,65.1,29.2,6.89,88.9,3.76,4.13
Maize,Rabi,4.1,106.5,32.7,170.3,25.7,51.5,6.41,224.1,4.75,19.46
Maize,Zaid,4.9,133.0,29.9,161.9,65.5,70.9,6.81,188.8,4.55,22.31
Maize,Rabi,5.1,277.7,27.9,142.7,40.8,48.5,5.84,84.3,2.88,14.68
Maize,Kharif,1.5,148.0,30.5,67.1,58.5,38.2,7.89,229.1,4.97,7.46
Maize,Kharif,4.4,218.1,32.9,134.2,69.5,47.8,5.92,197.6,3.67,16.16
Maize,Zaid,2.1,58.7,35.8,44.2,46.7,55.3,5.82,83.8,3.83,8.03
Maize,Rabi,13.1,122.4,26.4,126.7,44.7,49.9,6.39,162.8,5.19,67.95
Maize,Kharif,1.3,157.4,23.0,58.1,26.0,62.2,6.91,100.7,4.2,5.47
Maize,Zaid,11.7,113.3,33.6,54.4,27.6,88.5,7.32,219.4,4.41,51.65
Maize,Kharif,10.5,198.6,28.9,135.6,54.5,50.0,6.24,203.7,4.68,49.15
Maize,Zaid,5.5,215.3,29.7,75.2,59.0,34.9,5.83,190.3,4.16,22.9
Maize,Rabi,11.3,135.3,26.6,170.0,39.9,52.6,5.54,66.3,4.29,48.5
Maize,Kharif,11.9,218.2,31.0,109.0,58.0,76.4,6.57,211.2,4.65,55.33
Maize,Rabi,9.1,191.0,27.0,49.7,25.4,62.1,6.42,233.5,4.8,43.72
Maize,Zaid,5.1,181.4,30.6,166.0,67.5,67.3,7.34,239.2,4.54,23.15
Maize,Kharif,4.6,239.1,19.5,169.4,39.5,28.9,6.69,58.5,3.69,16.97
Maize,Zaid,5.8,83.6,19.7,156.4,75.1,65.5,5.78,130.4,4.64,26.91
Maize,Kharif,5.2,272.8,18.2,85.2,53.3,30.4,5.75,213.1,3.56,18.51
Maize,Zaid,8.2,71.3,27.9,93.2,56.4,47.2,6.15,69.0,3.8,31.16
Maize,Zaid,2.1,257.4,35.6,96.7,25.3,24.6,7.91,142.8,3.09,6.49
Maize,Kharif,6.6,218.1,30.3,84.1,28.0,64.3,5.85,165.7,3.69,24.33
Maize,Zaid,4.6,251.0,25.7,179.3,25.6,74.6,7.32,203.5,4.14,19.06
Maize,Zaid,3.7,81.4,35.3,55.1,48.7,61.0,6.96,67.2,3.84,14.19
Maize,Zaid,12.7,293.9,26.5,49.3,22.9,40.7,8.02,154.6,2.72,34.58
Maize,Kharif,5.3,203.4,34.2,153.4,55.0,71.1,6.49,178.2,4.58,24.27
Maize,Kharif,15.0,225.1,31.9,87.2,76.5,57.1,7.48,234.8,4.48,67.21
Maize,Zaid,5.6,218.9,25.1,145.9,47.3,48.9,8.02,100.2,4.18,23.4
Maize,Kharif,5.5,194.9,24.2,154.2,48.0,25.4,5.95,62.2,4.07,22.38
Maize,Kharif,1.0,203.5,29.1,104.0,43.8,51.9,6.62,196.1,4.34,4.34
Maize,Kharif,14.4,87.9,26.6,124.3,54.9,48.1,6.41,75.4,3.74,53.92
Maize,Rabi,9.7,224.5,21.9,45.9,41.8,26.9,5.81,100.9,3.79,36.76
Maize,Zaid,8.4,219.6,28.7,60.8,30.3,81.5,7.01,224.0,3.98,33.45
Maize,Rabi,14.2,238.8,28.6,156.0,24.8,53.4,7.2,215.7,4.03,57.27
Maize,Rabi,5.3,98.8,30.2,85.2,79.3,42.8,6.56,170.7,3.42,18.1
Maize,Zaid,14.9,52.6,34.1,60.9,67.2,63.3,6.42,224.8,3.55,52.86
Maize,Rabi,4.2,191.7,24.3,125.5,21.4,28.2,5.84,87.9,3.64,15.29
Maize,Zaid,7.2,62.1,32.8,155.7,55.3,44.7,7.66,160.9,3.62,26.05
Maize,Zaid,9.8,246.1,28.8,98.0,77.5,57.9,7.13,94.1,3.35,32.81
Maize,Zaid,12.5,256.2,32.2,79.7,70.2,58.0,6.51,175.1,3.62,45.23
Maize,Zaid,3.3,96.1,21.6,94.1,23.1,47.8,6.88,146.7,4.13,13.62
Maize,Zaid,1.1,56.5,28.0,112.9,79.7,34.1,6.2,72.7,2.96,3.26
Maize,Kharif,2.4,61.0,21.3,115.8,58.7,23.2,8.05,218.4,3.41,8.17
Maize,Zaid,6.0,297.4,30.3,172.9,28.6,46.7,7.0,65.4,2.87,17.21
Maize,Rabi,10.4,210.5,25.4,108.6,44.9,21.7,6.41,85.4,4.05,42.17
Maize,Zaid,2.6,172.6,21.1,47.1,57.1,34.5,7.09,72.5,4.27,11.1
Maize,Rabi,13.9,68.2,23.1,89.0,66.9,89.5,6.15,224.9,4.07,56.51
Maize,Kharif,9.8,234.9,29.0,42.3,31.7,76.7,6.24,196.3,4.57,44.82
Cotton,Kharif,12.7,251.0,33.6,48.3,61.5,29.8,6.62,159.7,2.13,27.11
Cotton,Kharif,1.8,208.2,31.8,179.2,20.7,71.1,7.04,136.8,2.53,4.56
Cotton,Zaid,14.9,102.1,24.4,133.7,49.0,49.3,6.47,168.8,2.41,35.94
Cotton,Zaid,3.8,128.8,22.0,49.7,69.6,37.8,6.78,58.7,1.96,7.45
Cotton,Kharif,4.7,223.7,28.2,151.5,64.1,62.7,6.82,76.6,1.75,8.21
Cotton,Kharif,5.5,153.9,34.3,74.0,25.5,42.3,5.78,75.7,2.46,13.51
Cotton,Kharif,7.6,72.9,29.3,117.1,44.4,56.5,7.92,89.3,1.72,13.1
Cotton,Kharif,9.2,129.0,29.3,153.2,56.7,40.7,6.19,115.5,2.32,21.36
Cotton,Zaid,4.8,99.7,22.4,82.9,53.3,61.2,6.65,173.1,1.96,9.4
Cotton,Zaid,5.0,150.1,32.6,41.9,59.0,66.8,7.66,236.6,2.74,13.69
Cotton,Rabi,3.2,271.5,26.3,119.0,59.8,67.5,8.02,249.4,1.83,5.87
Cotton,Kharif,9.9,129.9,19.0,59.3,20.1,83.2,5.57,91.9,2.22,21.96
Cotton,Zaid,10.4,109.8,31.6,146.4,38.8,48.7,6.07,245.3,2.42,25.21
Cotton,Rabi,6.2,271.6,20.7,61.3,39.7,23.8,5.99,243.0,1.76,10.88
Cotton,Zaid,9.1,101.7,27.1,83.7,45.6,65.2,7.51,96.4,2.12,19.32
Cotton,Zaid,13.9,253.0,32.9,151.3,39.4,73.6,5.89,181.5,1.89,26.2
Cotton,Kharif,1.4,247.0,34.3,77.4,68.7,25.8,7.12,147.1,2.07,2.9
Cotton,Zaid,13.0,241.2,20.6,136.6,76.7,67.8,6.4,150.1,1.87,24.27
Cotton,Zaid,8.1,80.0,23.6,152.3,71.7,29.6,8.07,115.8,2.17,17.59
Cotton,Zaid,14.2,128.2,33.5,58.4,62.3,71.9,7.33,100.5,2.41,34.18
Cotton,Rabi,9.9,126.8,33.5,174.3,33.1,26.2,6.03,214.1,2.25,22.25
Cotton,Rabi,11.1,177.8,28.9,104.5,69.7,78.1,7.42,71.1,2.23,24.81
Cotton,Zaid,10.4,224.3,24.5,163.1,63.5,27.9,6.6,227.3,2.16,22.44
Cotton,Rabi,13.1,108.3,30.5,128.1,71.8,29.3,8.14,166.5,2.18,28.59
Cotton,Zaid,13.8,105.4,19.0,75.8,51.7,32.0,5.95,142.5,2.88,39.77
Cotton,Kharif,2.9,295.7,22.5,50.3,59.8,61.7,6.62,134.4,2.05,5.94
Cotton,Zaid,12.4,273.8,33.4,134.3,28.2,39.4,5.62,236.2,2.06,25.51
Cotton,Kharif,14.9,158.8,34.6,88.3,23.3,34.3,6.63,93.9,2.02,30.09
Cotton,Zaid,8.8,178.2,23.1,155.1,65.2,71.3,7.87,194.6,2.24,19.75
Cotton,Rabi,8.2,137.2,24.7,127.0,63.1,27.7,5.6,248.9,2.62,21.51
Cotton,Rabi,1.8,97.5,18.7,94.9,68.1,43.9,6.7,185.1,2.33,4.19
Cotton,Rabi,10.4,57.9,27.6,45.3,68.5,42.5,7.02,105.9,1.96,20.37
Cotton,Zaid,8.5,298.0,33.4,53.6,62.4,44.2,5.52,130.7,1.59,13.52
Cotton,Zaid,3.6,157.0,19.1,71.3,41.8,50.7,8.14,211.6,2.4,8.62
Cotton,Rabi,5.6,76.7,35.2,48.4,37.9,40.9,6.37,82.9,1.99,11.16
Cotton,Kharif,5.0,131.6,18.4,146.5,22.6,80.5,5.82,84.4,2.36,11.82
Cotton,Zaid,4.5,264.9,21.0,159.6,20.8,55.8,7.58,237.0,1.95,8.78
Cotton,Kharif,8.1,269.6,35.1,145.6,46.7,61.5,7.39,88.9,1.73,14.0
Cotton,Kharif,8.0,249.1,31.3,130.4,29.3,58.3,5.74,125.5,1.73,13.81
Cotton,Zaid,14.6,233.7,30.6,159.4,26.9,69.4,6.86,215.8,1.95,28.47
Cotton,Zaid,9.7,169.4,26.6,147.5,57.7,64.3,6.72,156.2,2.48,24.02
Cotton,Kharif,12.3,67.3,24.0,83.9,58.1,44.9,5.9,169.3,2.21,27.22
Cotton,Zaid,6.3,83.1,21.5,73.2,38.0,65.0,7.12,189.2,2.34,14.74
Cotton,Zaid,3.7,167.8,26.5,93.0,51.0,48.9,6.04,132.5,2.58,9.53
Cotton,Kharif,9.1,263.4,31.1,90.5,25.2,34.2,6.97,91.4,1.72,15.64
Cotton,Zaid,2.7,126.9,34.7,62.6,77.9,34.4,7.5,159.3,2.36,6.37
Cotton,Kharif,5.0,70.2,33.8,142.0,38.1,62.0,6.04,228.0,2.24,11.19
Cotton,Rabi,11.3,199.4,33.9,46.9,35.4,52.6,6.11,198.8,2.28,25.81
Cotton,Kharif,6.9,135.5,35.3,102.3,49.3,44.6,7.96,163.8,2.11,14.55
Cotton,Kharif,11.2,249.1,33.0,178.0,67.5,62.1,6.42,158.9,1.79,20.0
Cotton,Zaid,11.4,161.5,18.4,48.8,43.2,60.8,6.75,173.8,2.57,29.27
Cotton,Rabi,3.9,123.0,31.5,107.6,33.0,87.7,7.43,241.4,2.87,11.2
Cotton,Rabi,12.3,124.9,35.3,115.0,57.1,67.6,7.3,152.2,2.37,29.15
Cotton,Rabi,5.7,146.9,20.5,143.3,71.4,85.7,6.83,190.2,2.58,14.69
Cotton,Rabi,9.0,135.4,29.7,49.6,73.8,28.4,6.39,213.1,2.37,21.3
Cotton,Zaid,8.8,196.0,21.7,159.2,25.1,44.9,7.34,104.8,2.04,17.91
Cotton,Zaid,3.3,226.7,27.6,128.9,31.8,34.8,5.61,114.4,2.06,6.81
Cotton,Kharif,11.3,126.6,22.8,137.5,31.6,26.5,6.94,214.3,2.55,28.86
Cotton,Rabi,2.7,125.7,27.6,119.0,56.0,31.6,6.53,173.4,2.5,6.74
Cotton,Zaid,11.7,197.9,21.5,133.3,57.4,62.2,6.82,155.7,2.28,26.63
Cotton,Rabi,2.9,232.0,32.6,76.0,66.5,47.0,6.87,221.2,2.22,6.45
Cotton,Rabi,5.9,283.2,34.6,110.3,39.7,71.6,5.6,145.0,1.34,7.9
Cotton,Kharif,13.9,53.0,28.0,143.7,49.1,26.0,8.13,153.6,1.85,25.77
Cotton,Rabi,7.7,245.8,31.5,104.0,70.7,28.0,6.19,215.6,1.68,12.94
Cotton,Kharif,1.9,194.2,20.1,45.1,23.2,78.4,5.82,59.0,1.98,3.75
Cotton,Kharif,6.9,60.0,26.1,120.9,54.3,43.3,6.35,71.3,1.97,13.56
Cotton,Zaid,2.4,241.6,35.4,175.8,71.9,62.1,7.39,107.0,1.65,3.96
Cotton,Rabi,3.8,116.3,21.1,53.4,45.1,27.9,5.96,159.5,2.54,9.64
Cotton,Rabi,8.6,112.4,24.2,159.3,53.6,56.0,5.77,53.2,2.37,20.41
Cotton,Kharif,2.1,220.8,34.8,120.6,27.6,60.7,7.57,131.3,1.72,3.62
Cotton,Zaid,8.5,98.0,30.9,78.0,39.0,79.1,6.79,184.0,2.08,17.71
Cotton,Zaid,11.6,168.5,22.1,126.3,22.4,42.8,6.77,79.6,2.15,24.94
Cotton,Rabi,12.9,101.5,35.1,87.9,79.1,78.7,7.68,113.6,2.17,27.98
Cotton,Rabi,2.2,184.6,34.4,94.3,69.8,29.4,8.03,200.3,2.43,5.34
Cotton,Zaid,7.8,253.3,19.8,100.0,57.7,35.1,7.19,234.7,2.13,16.64
Cotton,Kharif,11.3,65.9,25.0,79.6,38.3,88.8,7.24,193.5,1.96,22.1
Cotton,Rabi,6.7,109.8,29.3,129.7,71.0,71.9,6.96,180.7,2.22,14.87
Cotton,Rabi,9.5,161.1,31.4,72.0,23.5,41.0,6.78,83.6,2.6,24.71
Cotton,Kharif,2.7,288.5,33.6,120.8,60.4,21.2,6.42,209.1,1.87,5.04
Cotton,Zaid,4.6,283.5,20.4,151.6,50.5,72.5,6.34,152.9,1.37,6.28
Cotton,Zaid,13.7,229.3,28.5,151.7,71.9,52.0,6.78,127.2,1.89,25.83
Cotton,Kharif,13.1,170.1,19.2,117.0,45.0,81.4,6.05,215.3,2.59,33.9
Cotton,Rabi,1.9,255.7,23.6,96.2,50.2,78.8,7.26,173.0,1.82,3.46
Cotton,Rabi,11.9,167.9,22.1,63.3,40.0,85.8,6.43,247.6,2.48,29.48
Cotton,Kharif,5.6,63.1,26.1,75.7,41.1,69.4,6.91,74.9,1.68,9.42
Cotton,Rabi,1.6,55.5,31.9,58.8,48.1,62.4,6.66,55.4,1.66,2.65
Cotton,Kharif,1.1,240.5,34.1,100.6,52.1,53.4,6.55,227.5,2.08,2.28
Cotton,Zaid,14.2,64.3,34.8,47.1,52.8,82.3,6.21,144.4,2.28,32.34
Cotton,Zaid,5.0,119.8,25.3,179.8,23.3,60.5,5.72,80.9,2.09,10.43
Cotton,Kharif,2.0,78.8,33.7,106.1,62.8,47.5,6.2,119.4,1.99,3.98
Cotton,Zaid,1.1,252.7,35.1,52.8,29.7,87.3,6.95,52.8,2.11,2.32
Cotton,Kharif,11.5,103.3,33.6,173.8,34.2,81.8,5.76,61.1,2.13,24.52
Cotton,Rabi,12.9,174.6,28.9,71.8,52.6,68.6,6.89,248.1,2.83,36.56
Cotton,Zaid,3.4,146.1,24.2,100.5,66.9,53.9,7.64,165.3,2.42,8.22
Cotton,Rabi,5.7,226.4,21.4,145.1,34.2,30.0,6.0,86.4,2.03,11.58
Cotton,Rabi,9.0,265.9,20.5,119.7,72.1,60.8,7.44,124.4,1.75,15.71
Cotton,Rabi,2.8,115.6,28.5,140.5,27.5,62.0,6.99,152.8,1.94,5.43
Cotton,Kharif,8.4,221.9,22.9,143.1,23.1,23.5,6.54,120.7,1.9,15.99
Cotton,Rabi,1.7,287.1,30.8,41.0,65.8,56.0,7.6,154.5,1.58,2.69
Cotton,Rabi,1.0,262.5,24.9,109.4,20.5,54.4,8.16,105.7,2.02,2.02
Cotton,Kharif,12.8,57.6,33.2,104.4,33.1,29.4,8.07,64.5,2.04,26.14
Cotton,Zaid,8.6,81.4,23.2,73.4,32.8,48.8,7.4,93.5,1.69,14.51
Cotton,Kharif,3.0,266.6,33.7,98.6,46.7,41.2,7.43,121.7,1.85,5.54
Cotton,Zaid,12.8,139.9,30.4,83.8,23.7,69.1,5.53,131.8,2.5,32.05
Cotton,Kharif,13.1,161.0,20.5,160.7,69.0,88.9,7.96,220.4,2.75,35.99
Cotton,Zaid,9.5,278.8,20.8,145.3,54.1,39.2,6.78,116.8,1.44,13.63
Cotton,Rabi,11.1,93.5,27.8,140.0,46.7,21.9,6.71,109.3,2.1,23.3
Cotton,Rabi,5.5,114.5,26.4,58.7,75.7,80.7,7.41,71.2,1.88,10.33
Cotton,Rabi,5.2,274.9,29.3,101.4,22.3,55.0,7.56,103.1,1.56,8.13
Cotton,Kharif,9.9,70.4,25.8,81.0,52.7,29.3,7.37,209.0,2.14,21.16
Cotton,Zaid,2.4,196.3,26.8,113.4,60.0,38.7,7.96,137.1,2.3,5.51
Cotton,Rabi,2.1,78.1,18.9,76.0,28.1,38.2,6.54,238.6,2.46,5.16
Cotton,Rabi,14.6,163.5,27.1,120.1,75.9,80.1,5.96,137.4,2.24,32.67
Cotton,Zaid,14.0,56.2,30.5,141.5,70.2,88.2,8.13,63.1,1.6,22.37
Cotton,Zaid,10.5,269.8,27.3,115.5,35.3,73.8,7.53,167.7,2.02,21.17
Cotton,Rabi,10.8,164.8,19.0,99.8,48.1,85.0,7.23,112.3,2.27,24.46
Cotton,Zaid,14.0,134.6,34.4,177.3,59.7,77.2,7.52,189.9,2.34,32.72
Cotton,Kharif,2.8,213.9,18.7,123.7,72.2,82.4,6.71,141.9,1.88,5.28
Cotton,Zaid,13.2,234.2,27.0,120.2,28.2,85.6,6.45,139.2,1.94,25.56
Cotton,Rabi,5.8,186.6,19.6,145.9,54.9,33.1,6.01,86.8,2.41,13.97
Cotton,Kharif,14.3,149.1,20.2,113.6,26.6,34.2,8.2,158.3,2.23,31.92
Cotton,Zaid,1.4,233.8,29.3,121.3,64.5,67.3,6.06,120.5,2.08,2.91
Cotton,Rabi,10.7,126.5,31.7,126.8,24.6,55.9,6.43,115.7,2.68,28.72
Cotton,Kharif,11.9,225.8,33.0,47.9,64.9,79.6,6.27,178.1,2.35,27.96
Cotton,Kharif,7.0,58.3,35.2,69.4,67.3,74.2,6.09,174.2,2.08,14.53
Cotton,Zaid,8.0,277.9,20.6,130.4,34.0,31.0,7.35,168.7,1.63,13.07
Cotton,Zaid,7.9,277.9,34.7,63.2,20.1,88.9,7.95,61.1,1.65,13.04
Cotton,Kharif,4.7,274.0,19.9,131.9,74.4,31.8,8.11,140.6,1.69,7.96
Cotton,Zaid,5.2,97.1,23.5,53.0,28.6,27.3,6.64,209.1,2.38,12.37
Cotton,Kharif,3.8,74.4,21.0,169.3,69.3,44.8,7.27,157.5,1.89,7.17
Cotton,Zaid,4.1,63.7,18.3,54.4,30.3,50.2,6.88,78.1,2.08,8.52
Cotton,Kharif,14.7,296.4,30.4,74.1,67.9,27.5,7.61,232.0,1.96,28.79
Cotton,Kharif,7.0,159.4,23.6,146.7,76.2,85.9,5.97,224.9,2.54,17.75
Cotton,Rabi,13.3,117.9,18.1,62.8,41.0,42.1,7.64,186.1,2.86,38.02
Cotton,Rabi,7.4,73.9,34.2,171.0,78.8,80.8,5.97,59.2,1.84,13.6
Cotton,Kharif,12.5,299.8,21.8,77.1,59.8,87.6,7.97,150.6,1.67,20.88
Cotton,Kharif,2.9,294.4,35.4,62.9,38.0,27.0,6.23,213.2,1.62,4.71
Cotton,Rabi,6.6,154.7,27.3,139.3,74.4,29.6,5.65,53.7,2.24,14.8
Cotton,Zaid,1.8,80.1,28.5,170.0,49.8,79.0,6.7,191.7,2.42,4.36
Cotton,Rabi,8.0,82.0,28.5,82.0,22.1,64.4,7.82,119.0,1.9,15.2
Cotton,Rabi,13.5,253.4,30.9,74.8,74.6,30.8,7.19,55.8,1.64,22.2
Cotton,Zaid,5.8,93.2,29.2,163.5,77.5,33.5,7.44,182.9,1.89,10.95
Cotton,Zaid,11.7,86.0,18.2,42.8,55.2,51.9,6.9,51.5,1.82,21.26
Cotton,Kharif,13.3,117.3,35.7,93.6,30.7,44.6,6.69,63.9,2.24,29.75
Cotton,Kharif,6.8,114.6,33.6,133.7,46.9,54.2,6.05,175.4,2.36,16.02
Cotton,Rabi,7.8,191.5,34.5,152.1,47.1,70.3,7.08,148.5,2.3,17.94
Cotton,Zaid,2.1,104.4,22.5,156.4,47.8,54.1,8.02,177.4,2.23,4.69
Cotton,Zaid,2.4,205.7,26.0,148.9,33.2,31.5,6.6,235.3,2.15,5.16
Cotton,Rabi,14.1,81.3,24.9,44.0,71.3,45.1,7.2,193.0,1.92,27.1
Cotton,Zaid,11.0,244.2,30.1,126.0,73.5,25.5,6.39,99.7,2.0,21.95
Groundnut,Rabi,8.5,299.0,32.4,158.4,58.1,22.9,6.06,235.0,1.6,13.57
Groundnut,Kharif,5.2,117.2,36.0,160.1,44.5,88.6,7.26,198.4,2.11,10.97
Groundnut,Zaid,2.7,208.3,34.2,127.3,28.0,28.1,7.78,77.9,1.83,4.93
Groundnut,Rabi,13.6,276.9,19.6,171.1,69.5,75.4,6.04,211.0,1.89,25.66
Groundnut,Zaid,3.1,285.2,21.3,119.4,42.6,87.5,6.24,129.9,1.6,4.97
Groundnut,Rabi,10.3,255.7,18.2,115.9,47.6,54.9,5.69,186.9,1.76,18.16
Groundnut,Kharif,11.7,102.5,23.8,154.7,52.2,80.2,6.08,171.6,2.07,24.2
Groundnut,Rabi,2.0,206.7,22.6,152.5,69.1,88.5,6.86,141.0,2.04,4.08
Groundnut,Rabi,13.1,180.2,30.0,154.1,35.6,40.8,5.5,242.6,2.39,31.25
Groundnut,Rabi,2.8,230.0,19.8,127.2,41.4,75.2,6.13,177.8,1.83,5.12
Groundnut,Rabi,5.5,240.8,32.4,93.9,45.1,23.1,6.28,140.3,1.92,10.55
Groundnut,Zaid,2.5,176.5,32.7,171.1,50.8,86.5,6.95,128.8,2.23,5.57
Groundnut,Rabi,12.2,135.2,32.5,87.4,23.3,58.8,7.09,236.9,2.16,26.31
Groundnut,Kharif,12.1,171.6,24.0,55.0,34.3,86.4,6.32,83.8,2.11,25.57
Groundnut,Zaid,7.3,102.6,30.4,162.8,37.4,25.7,6.31,184.5,1.88,13.72
Groundnut,Kharif,4.4,164.4,31.7,68.8,62.6,21.5,6.63,205.2,2.22,9.76
Groundnut,Zaid,11.1,286.3,34.5,121.7,47.8,77.3,7.34,86.7,1.29,14.34
Groundnut,Kharif,13.7,81.7,21.2,109.0,24.9,33.7,8.05,245.3,2.24,30.67
Groundnut,Rabi,5.5,58.7,20.3,168.1,49.6,51.8,5.6,195.7,1.93,10.64
Groundnut,Rabi,8.1,125.0,20.7,79.9,42.6,72.9,6.96,65.5,2.09,16.94
Groundnut,Kharif,9.7,209.6,30.6,55.7,71.0,57.3,6.77,246.2,2.17,21.04
Groundnut,Zaid,2.3,56.9,25.3,179.1,30.5,67.1,5.97,195.0,1.76,4.05
Groundnut,Kharif,1.5,235.8,31.0,59.0,70.2,30.8,6.31,99.8,1.52,2.27
Groundnut,Rabi,8.9,212.4,23.4,104.4,36.8,45.9,5.93,227.1,2.04,18.12
Groundnut,Rabi,8.9,92.7,21.6,84.6,55.6,34.7,5.81,244.0,2.22,19.75
Groundnut,Rabi,5.2,83.9,20.6,137.6,58.6,74.8,8.03,188.4,2.08,10.8
Groundnut,Rabi,3.0,280.2,19.7,173.7,56.7,20.1,7.91,154.3,1.43,4.3
Groundnut,Rabi,6.6,62.8,26.9,57.3,44.1,44.5,7.59,210.6,1.71,11.29
Groundnut,Zaid,8.3,191.4,18.3,149.3,41.7,48.4,7.69,125.9,1.88,15.64
Groundnut,Zaid,14.8,245.2,25.0,121.0,74.7,58.8,5.97,125.7,1.76,26.06
Groundnut,Zaid,10.0,212.7,33.6,165.2,75.2,26.6,6.97,198.1,1.85,18.5
Groundnut,Zaid,12.2,230.0,19.6,104.9,30.4,43.6,5.55,130.1,1.86,22.73
Groundnut,Rabi,1.5,279.4,30.1,178.7,73.0,53.1,6.9,88.1,1.47,2.21
Groundnut,Rabi,14.7,74.3,23.5,129.4,41.0,85.0,5.68,159.9,2.07,30.36
Groundnut,Kharif,14.5,243.8,29.2,125.0,71.0,57.9,7.67,151.8,1.63,23.57
Groundnut,Kharif,9.0,266.9,25.8,175.3,47.1,30.0,6.55,240.3,1.86,16.71
Groundnut,Zaid,14.9,224.6,23.3,134.1,62.1,46.0,5.55,190.6,2.17,32.28
Groundnut,Rabi,6.4,160.8,24.8,91.4,51.6,76.6,6.48,154.9,2.24,14.31
Groundnut,Kharif,4.8,119.4,34.8,141.3,54.6,65.3,5.58,173.6,2.07,9.94
Groundnut,Rabi,7.0,160.6,30.0,84.2,61.0,81.0,6.14,245.8,2.39,16.76
Groundnut,Zaid,8.5,177.2,22.4,144.3,30.1,33.3,6.74,107.3,2.27,19.26
Groundnut,Zaid,12.5,154.4,19.3,78.3,78.8,61.7,7.42,51.5,2.27,28.42
Groundnut,Kharif,1.5,192.3,34.6,175.6,52.4,52.1,8.05,184.7,1.88,2.82
Groundnut,Kharif,7.6,163.9,28.5,89.9,29.9,55.3,7.74,182.8,2.25,17.11
Groundnut,Rabi,3.7,201.6,30.2,113.6,63.1,60.7,8.06,60.7,1.96,7.23
Groundnut,Rabi,1.4,111.7,26.3,128.0,53.4,72.0,6.26,163.0,2.46,3.45
Groundnut,Rabi,10.1,231.8,29.4,59.7,46.6,59.3,7.79,138.7,2.07,20.92
Groundnut,Rabi,12.1,195.8,35.3,132.4,51.4,21.7,6.62,109.8,1.65,19.94
Groundnut,Zaid,3.9,101.3,21.4,57.6,38.7,82.0,7.59,197.1,2.15,8.38
Groundnut,Rabi,7.5,64.6,22.7,101.0,29.4,86.3,7.57,103.7,1.74,13.02
Groundnut,Rabi,3.5,233.7,22.5,108.7,24.5,63.3,7.3,125.7,1.79,6.28
Groundnut,Zaid,4.8,55.3,31.0,44.5,55.7,57.7,8.12,146.8,1.59,7.63
Groundnut,Kharif,5.0,201.0,18.9,53.3,22.0,54.9,7.12,62.5,1.78,8.9
Groundnut,Zaid,5.9,116.3,30.3,172.8,36.1,76.8,5.65,157.6,2.1,12.42
Groundnut,Kharif,4.7,286.6,31.1,70.8,46.9,75.8,6.98,180.0,1.66,7.82
Groundnut,Zaid,11.5,231.9,29.3,90.4,44.3,87.9,5.8,103.7,2.09,24.01
Groundnut,Zaid,6.9,228.7,28.9,81.8,44.6,35.2,8.11,76.1,1.63,11.26
Groundnut,Rabi,2.1,168.6,18.2,51.9,68.5,74.0,7.97,220.9,2.42,5.08
Groundnut,Zaid,13.9,101.7,33.7,44.3,25.5,79.8,7.2,199.4,2.01,27.87
Groundnut,Rabi,12.1,96.7,19.2,179.8,21.5,78.5,6.49,218.3,2.01,24.36
Groundnut,Rabi,4.3,78.9,23.9,70.9,75.5,80.8,6.85,62.3,1.56,6.72
Groundnut,Zaid,12.3,291.8,22.8,109.3,25.2,59.1,6.86,78.9,1.46,17.91
Groundnut,Kharif,5.7,180.5,28.5,41.2,65.7,69.9,6.49,60.6,2.05,11.71
Groundnut,Zaid,9.3,202.0,25.3,134.7,31.4,77.3,5.82,181.2,2.0,18.62
Groundnut,Kharif,6.9,190.5,18.1,51.0,72.9,25.5,7.41,234.0,2.37,16.38
Groundnut,Rabi,13.3,285.5,31.3,52.1,60.1,48.7,6.77,59.8,1.11,14.74
Groundnut,Kharif,4.5,139.1,21.2,137.3,57.0,53.8,6.55,231.8,2.38,10.7
Groundnut,Zaid,8.7,286.1,21.8,112.8,48.5,38.1,7.71,229.9,1.76,15.3
Groundnut,Zaid,3.7,71.7,28.9,48.0,60.4,57.1,7.29,168.0,2.15,7.94
Groundnut,Rabi,2.6,151.6,26.7,115.7,69.1,32.0,7.68,188.6,2.37,6.16
Groundnut,Zaid,11.4,159.5,32.7,116.9,75.8,86.4,5.69,141.3,2.11,24.04
Groundnut,Rabi,7.3,239.1,32.3,109.2,73.7,38.7,6.61,229.7,1.94,14.14
Groundnut,Zaid,3.7,273.1,25.8,67.7,46.3,48.6,6.66,167.1,1.49,5.52
Groundnut,Zaid,2.9,124.0,28.3,101.9,40.8,72.3,7.91,201.4,2.08,6.02
Groundnut,Zaid,14.1,148.6,32.3,79.1,58.8,81.1,5.61,216.1,2.48,34.94
Groundnut,Rabi,4.5,188.8,27.5,131.8,34.0,80.5,6.34,188.8,2.29,10.31
Groundnut,Rabi,6.6,124.3,30.3,69.1,67.9,76.2,6.62,106.7,2.19,14.48
Groundnut,Kharif,6.0,252.2,23.3,120.0,64.7,46.5,6.32,141.9,1.88,11.3
Groundnut,Rabi,12.2,116.8,22.4,71.8,40.4,54.9,6.68,93.7,1.97,24.0
Groundnut,Kharif,2.3,159.4,22.2,80.8,66.3,25.3,7.73,135.5,2.38,5.47
Groundnut,Rabi,9.1,246.6,18.3,117.0,71.5,53.2,5.51,52.2,1.45,13.18
Groundnut,Kharif,8.9,285.9,18.1,73.3,76.3,32.0,5.81,164.0,1.47,13.08
Groundnut,Kharif,12.9,234.3,33.9,100.7,64.9,90.0,7.46,72.8,1.51,19.5
Groundnut,Kharif,14.5,93.9,21.2,168.1,47.9,24.4,7.12,170.4,2.06,29.89
Groundnut,Rabi,5.0,248.2,34.3,176.5,33.9,81.7,6.39,72.6,1.64,8.19
Groundnut,Zaid,12.3,89.2,18.3,83.8,55.3,29.7,6.65,160.5,1.89,23.2
Groundnut,Rabi,5.4,232.3,33.7,171.4,68.3,79.5,6.99,215.2,1.76,9.53
Groundnut,Kharif,4.6,299.5,21.4,60.7,25.9,60.6,7.2,123.0,1.54,7.07
Groundnut,Kharif,7.1,249.9,31.3,99.7,40.0,42.2,7.59,60.4,1.75,12.42
Groundnut,Rabi,8.1,63.7,27.6,171.0,55.9,76.7,7.66,236.4,2.02,16.4
Groundnut,Kharif,14.5,103.8,32.6,67.6,32.8,67.3,6.59,236.3,1.95,28.29
Groundnut,Rabi,14.1,140.8,25.0,54.9,60.2,40.2,7.08,168.3,2.13,30.07
Groundnut,Rabi,2.7,71.4,34.4,67.1,45.0,51.4,7.12,64.3,1.41,3.82
Groundnut,Rabi,10.7,200.6,19.9,111.1,64.1,89.4,7.2,124.1,1.79,19.12
Groundnut,Kharif,13.2,253.6,22.2,68.1,62.9,42.0,6.33,80.5,1.47,19.45
Groundnut,Kharif,9.7,135.1,33.4,100.9,31.6,33.4,7.58,103.1,2.12,20.61
Groundnut,Zaid,1.1,68.8,27.6,159.6,20.3,85.6,5.79,218.4,1.48,1.63
Groundnut,Rabi,13.6,282.5,24.9,108.8,73.8,76.5,5.51,114.0,1.61,21.85
Groundnut,Rabi,7.7,220.1,33.5,128.0,65.8,73.6,6.46,104.8,1.81,13.97
Groundnut,Rabi,6.8,294.5,21.6,70.2,37.5,32.1,6.52,232.2,1.75,11.91
Groundnut,Kharif,6.8,283.6,18.9,69.4,54.0,63.1,5.61,130.6,1.65,11.24
Groundnut,Rabi,5.5,73.4,25.7,58.0,76.9,53.3,6.36,203.3,2.16,11.86
Groundnut,Rabi,11.6,126.4,28.7,115.3,20.3,25.1,6.28,226.4,2.37,27.49
Groundnut,Kharif,1.3,238.2,26.5,102.5,20.4,77.4,6.47,158.2,1.76,2.29
Groundnut,Zaid,5.1,143.8,27.2,84.7,78.1,85.3,7.85,134.4,2.17,11.08
Groundnut,Zaid,10.2,167.7,21.6,124.2,23.6,48.9,6.98,137.2,2.33,23.74
Groundnut,Kharif,6.3,138.4,20.4,134.1,50.5,70.5,6.45,115.1,2.07,13.05
Groundnut,Rabi,7.6,89.3,18.6,172.6,34.4,36.8,5.73,235.7,1.83,13.93
Groundnut,Zaid,6.7,163.9,30.7,154.9,34.2,66.3,6.56,123.7,1.98,13.29
Groundnut,Zaid,8.5,50.1,22.3,69.2,35.0,76.4,6.26,88.3,1.41,11.96
Groundnut,Zaid,1.3,59.1,34.2,50.3,73.7,36.0,7.5,111.9,1.79,2.32
Groundnut,Kharif,7.9,60.0,35.7,93.7,29.1,66.7,6.27,167.2,2.0,15.83
Groundnut,Zaid,7.4,265.9,34.5,179.6,29.2,80.4,6.22,168.2,1.51,11.2
Groundnut,Zaid,14.1,145.8,31.1,42.8,32.3,54.1,7.87,155.5,2.35,33.1
Groundnut,Zaid,7.5,118.2,26.3,164.3,47.3,58.9,6.59,142.0,2.41,18.04
Groundnut,Zaid,11.9,82.8,28.8,44.8,49.9,30.8,5.99,123.0,1.9,22.65
Groundnut,Zaid,9.7,68.6,27.1,65.6,54.4,64.6,7.0,197.7,1.82,17.66
Groundnut,Kharif,7.4,124.4,18.6,122.6,51.4,39.8,5.6,248.9,2.11,15.62
Groundnut,Kharif,13.9,222.3,20.3,89.9,55.5,78.5,5.62,97.3,1.71,23.76
Groundnut,Kharif,7.8,216.0,27.5,175.7,63.4,34.8,5.78,187.7,1.84,14.33
Groundnut,Rabi,8.2,277.0,32.5,49.2,61.6,60.0,7.95,74.5,1.43,11.74
Groundnut,Zaid,7.7,67.6,23.0,85.4,76.7,39.8,6.74,184.3,2.03,15.6
Groundnut,Kharif,11.7,51.3,34.5,67.6,79.0,71.5,7.59,181.2,1.67,19.52
Groundnut,Zaid,14.1,230.0,31.6,70.7,46.6,63.2,7.58,70.8,1.84,25.99
Groundnut,Rabi,4.9,255.1,28.5,111.2,39.1,71.2,6.28,197.4,2.03,9.95
Groundnut,Zaid,10.8,227.8,18.9,160.4,47.5,38.4,6.15,146.6,1.66,17.97
Groundnut,Kharif,6.3,237.4,19.7,106.6,79.5,73.9,6.07,150.3,1.77,11.18
Groundnut,Kharif,7.7,167.8,21.2,60.3,35.3,84.0,5.81,201.5,2.0,15.39
Groundnut,Rabi,3.5,253.2,27.8,58.4,66.0,85.3,8.06,123.8,1.63,5.71
Groundnut,Rabi,7.9,159.7,31.7,98.8,76.6,83.2,7.85,64.3,2.15,16.99
Groundnut,Zaid,3.1,202.9,28.2,140.1,76.3,83.9,8.05,98.9,1.98,6.14
Groundnut,Rabi,4.6,264.6,27.8,119.7,40.6,59.3,5.7,202.9,1.72,7.93
Groundnut,Zaid,8.6,134.6,26.5,125.8,72.1,66.3,6.67,213.9,2.58,22.16
Groundnut,Rabi,12.6,64.0,26.6,115.0,30.1,42.6,6.69,216.6,2.03,25.63
Groundnut,Rabi,13.7,130.2,27.9,47.1,22.6,70.4,6.7,101.3,2.04,27.95
Groundnut,Rabi,5.6,236.2,19.4,46.8,46.9,51.2,7.92,75.2,1.87,10.49
Groundnut,Kharif,3.1,57.4,19.3,132.4,45.9,73.5,8.18,181.8,1.63,5.05
Groundnut,Kharif,8.1,186.2,23.1,172.8,70.5,70.6,5.71,71.2,2.03,16.42
Groundnut,Rabi,10.0,196.9,34.1,131.4,40.9,87.6,7.66,176.1,2.16,21.62
Groundnut,Zaid,1.6,278.4,33.0,81.7,67.4,22.2,8.11,155.3,1.52,2.43
Groundnut,Kharif,6.1,66.6,35.8,45.5,59.3,51.0,8.06,99.2,1.52,9.25
Groundnut,Zaid,3.9,253.4,31.4,132.6,34.2,26.8,7.06,160.7,1.97,7.68
Groundnut,Rabi,14.2,179.6,24.3,72.8,23.0,38.8,7.27,156.7,2.13,30.19
Groundnut,Kharif,8.2,116.9,26.2,105.9,62.4,85.8,6.39,58.4,2.23,18.31
Groundnut,Zaid,3.4,240.1,35.7,172.4,31.8,81.3,7.4,140.8,1.76,5.98
Groundnut,Rabi,6.2,173.3,28.4,66.5,74.1,67.2,7.21,69.9,2.19,13.6
Groundnut,Rabi,5.2,115.8,20.9,90.8,35.1,67.8,7.35,150.4,2.11,10.97
Groundnut,Rabi,10.6,131.4,19.7,176.6,37.2,49.7,7.25,54.9,2.05,21.75
Groundnut,Kharif,9.3,190.0,31.3,153.8,27.7,21.3,7.36,110.3,2.1,19.52
Groundnut,Zaid,6.7,140.9,21.9,133.7,78.2,32.3,7.11,134.8,2.48,16.64
Sugarcane,Zaid,6.0,179.0,23.5,136.3,71.8,40.9,6.02,73.2,68.04,408.25
Sugarcane,Zaid,6.8,167.3,24.6,54.1,38.6,66.5,7.3,107.2,82.56,561.41
Sugarcane,Kharif,3.6,157.9,32.7,158.0,51.2,80.3,5.51,57.0,72.06,259.41
Sugarcane,Kharif,2.9,211.2,24.1,139.1,53.4,37.9,7.26,73.3,66.29,192.23
Sugarcane,Rabi,13.5,164.7,30.2,109.6,25.6,40.4,8.16,242.1,85.57,1155.24
Sugarcane,Kharif,6.1,278.5,24.6,92.3,43.0,78.6,7.26,172.8,50.56,308.41
Sugarcane,Kharif,5.1,134.0,23.6,42.8,55.0,68.9,7.81,78.0,73.9,376.91
Sugarcane,Zaid,5.8,84.6,25.9,109.5,44.2,67.5,6.64,242.3,79.06,458.56
Sugarcane,Kharif,13.4,283.3,33.5,137.1,30.2,39.0,6.07,170.7,54.61,731.73
Sugarcane,Rabi,10.4,185.7,33.0,57.5,27.8,59.0,8.06,133.0,76.24,792.9
Sugarcane,Zaid,13.4,190.4,21.3,71.4,49.6,87.3,7.58,147.7,70.42,943.65
Sugarcane,Kharif,12.0,64.1,24.6,110.8,53.6,71.0,6.46,172.5,63.11,757.28
Sugarcane,Kharif,4.8,261.5,25.7,78.1,43.0,78.5,5.9,141.2,56.86,272.92
Sugarcane,Kharif,6.7,148.4,21.5,48.6,55.5,89.2,5.95,59.3,80.63,540.21
Sugarcane,Kharif,4.5,257.4,30.7,172.4,44.5,66.3,6.76,176.1,63.84,287.3
Sugarcane,Zaid,4.3,193.4,32.8,44.0,57.9,44.5,6.29,128.5,80.28,345.2
Sugarcane,Rabi,13.9,63.8,32.8,45.3,42.0,58.0,5.9,199.3,76.96,1069.77
Sugarcane,Kharif,11.3,142.8,31.0,134.6,62.3,54.2,6.53,94.4,76.54,864.88
Sugarcane,Kharif,8.3,68.5,21.5,157.6,63.5,82.6,5.82,248.0,66.31,550.39
Sugarcane,Zaid,11.3,126.1,21.2,150.1,38.8,84.0,7.77,219.5,80.11,905.22
Sugarcane,Kharif,9.7,134.1,21.8,83.8,30.7,83.1,6.57,99.1,80.55,781.33
Sugarcane,Kharif,14.6,159.5,33.5,119.2,29.4,68.3,6.89,180.1,79.6,1162.17
Sugarcane,Zaid,7.2,275.3,31.5,108.4,56.2,42.8,8.16,183.5,59.17,426.02
Sugarcane,Kharif,13.5,293.6,18.8,89.8,32.8,72.9,7.23,74.0,45.34,612.06
Sugarcane,Kharif,5.5,198.0,19.3,60.6,24.4,76.9,7.53,200.7,74.96,412.28
Sugarcane,Rabi,10.0,59.6,29.2,148.9,50.0,45.0,6.25,178.6,73.89,738.94
Sugarcane,Rabi,12.7,153.8,31.8,64.4,39.3,88.2,8.16,152.5,82.39,1046.34
Sugarcane,Rabi,9.6,170.6,19.7,147.5,64.8,41.8,6.33,217.6,86.04,826.0
Sugarcane,Kharif,11.3,85.4,33.9,121.5,27.6,52.3,7.78,229.5,77.18,872.16
Sugarcane,Rabi,6.0,62.3,18.6,117.6,65.7,57.6,7.77,56.7,64.52,387.14
Sugarcane,Zaid,7.1,119.9,28.5,47.7,28.7,68.7,5.88,178.0,81.42,578.05
Sugarcane,Rabi,1.1,237.1,34.3,59.6,25.8,49.7,8.02,158.5,65.62,72.19
Sugarcane,Rabi,3.0,50.2,32.6,52.3,58.0,84.0,6.06,183.1,65.85,197.56
Sugarcane,Kharif,2.9,251.5,35.8,92.8,46.7,23.3,5.54,234.3,62.59,181.51
Sugarcane,Rabi,7.2,253.8,34.0,112.7,53.9,66.9,8.1,170.5,64.26,462.64
Sugarcane,Zaid,2.2,147.9,30.8,132.3,57.5,39.8,6.52,70.6,71.75,157.85
Sugarcane,Rabi,5.7,167.5,33.4,81.8,75.4,36.1,7.52,176.1,81.15,462.55
Sugarcane,Kharif,7.4,57.7,33.8,41.8,76.7,54.2,6.42,234.8,72.21,534.38
Sugarcane,Rabi,10.5,148.0,22.7,173.6,56.2,85.4,6.05,79.4,75.37,791.41
Sugarcane,Rabi,4.7,59.5,20.2,178.1,38.9,28.1,5.79,193.9,64.05,301.03
Sugarcane,Zaid,8.1,261.1,22.3,98.1,56.9,53.7,6.74,122.5,58.95,477.46
Sugarcane,Kharif,6.0,145.3,25.4,141.9,47.1,80.0,8.05,117.2,82.98,497.88
Sugarcane,Rabi,6.5,151.3,20.3,153.9,22.1,57.0,7.29,91.5,74.61,484.96
Sugarcane,Rabi,13.2,192.1,25.9,49.4,47.9,77.5,7.16,216.4,84.47,1115.04
Sugarcane,Zaid,2.7,53.4,23.5,137.7,67.4,40.7,6.84,134.2,59.9,161.73
Sugarcane,Rabi,3.8,63.8,21.6,41.3,57.6,42.1,8.13,88.7,59.99,227.95
Sugarcane,Kharif,14.8,124.4,28.8,148.7,64.9,43.0,7.15,224.3,77.86,1152.32
Sugarcane,Zaid,10.1,61.2,19.0,104.0,53.0,82.1,5.78,214.5,74.36,751.03
Sugarcane,Zaid,6.5,129.2,25.2,61.1,50.2,76.1,6.69,148.1,78.02,507.11
Sugarcane,Kharif,4.6,271.2,28.4,71.0,36.1,76.2,5.62,248.4,70.17,322.78
Sugarcane,Kharif,12.4,71.9,32.5,133.7,63.9,50.3,7.34,171.8,64.87,804.42
Sugarcane,Kharif,2.6,152.7,29.7,139.7,30.7,25.6,8.04,102.1,80.26,208.67
Sugarcane,Kharif,2.5,207.1,19.7,53.3,63.7,42.7,8.14,57.5,65.38,163.45
Sugarcane,Kharif,9.2,139.8,26.6,90.9,58.5,83.1,5.94,126.3,74.8,688.17
Sugarcane,Zaid,9.7,232.2,34.8,79.0,77.0,24.4,7.13,61.4,63.9,619.87
Sugarcane,Zaid,9.2,115.3,35.7,165.7,27.7,21.8,7.36,170.8,73.89,679.76
Sugarcane,Kharif,13.5,295.7,29.5,62.6,74.4,56.1,5.92,234.3,58.35,787.78
Sugarcane,Zaid,11.6,161.8,23.6,107.6,39.4,78.7,6.3,182.0,87.49,1014.86
Sugarcane,Kharif,10.2,107.1,22.9,84.1,27.0,39.1,6.07,141.1,77.48,790.33
Sugarcane,Zaid,5.2,136.3,35.8,54.3,44.3,24.4,7.72,68.5,77.9,405.1
Sugarcane,Zaid,1.6,259.9,26.1,129.1,33.3,67.4,7.59,144.6,63.52,101.63
Sugarcane,Kharif,3.9,112.5,24.1,122.5,47.3,72.2,6.08,52.1,64.81,252.77
Sugarcane,Rabi,8.3,251.5,24.4,129.9,34.7,27.6,7.64,69.8,60.72,503.95
Sugarcane,Zaid,8.5,63.2,26.2,171.9,73.3,27.2,7.51,211.2,65.89,560.03
Sugarcane,Kharif,1.4,267.5,20.5,57.8,30.5,87.2,7.37,210.3,57.13,79.98
Sugarcane,Rabi,10.0,131.9,33.5,57.2,46.0,47.8,8.03,80.6,72.31,723.09
Sugarcane,Zaid,7.7,133.3,26.1,119.9,46.1,49.0,7.48,187.2,83.67,644.26
Sugarcane,Zaid,11.2,183.2,34.8,173.2,41.7,74.4,7.49,228.6,74.18,830.77
Sugarcane,Zaid,14.3,232.4,18.9,163.8,71.8,51.0,7.08,245.2,73.55,1051.7
Sugarcane,Zaid,6.7,237.1,20.0,74.7,68.4,73.4,6.54,240.9,68.86,461.39
Sugarcane,Rabi,14.5,157.0,21.6,127.7,61.1,28.8,7.62,53.6,68.17,988.48
Sugarcane,Kharif,11.2,110.5,21.1,114.2,37.4,64.0,5.82,181.0,73.98,828.54
Sugarcane,Rabi,5.7,77.0,22.7,157.4,21.9,56.4,7.03,162.2,74.34,423.72
Sugarcane,Rabi,1.9,149.1,35.3,115.5,37.3,28.4,7.4,179.0,80.57,153.08
Sugarcane,Zaid,8.7,227.2,20.1,82.8,66.9,45.6,6.15,184.4,71.11,618.64
Sugarcane,Zaid,6.4,150.6,32.1,174.8,27.6,49.4,6.8,125.3,77.46,495.73
Sugarcane,Zaid,1.3,251.4,19.9,178.1,57.2,65.6,6.04,98.1,53.49,69.53
Sugarcane,Kharif,4.3,232.6,18.7,53.3,20.4,30.7,5.69,249.2,74.98,322.4
Sugarcane,Rabi,8.3,101.2,24.0,86.2,21.2,29.5,7.38,74.1,61.87,513.56
Sugarcane,Kharif,10.5,122.4,28.4,49.2,31.5,48.5,8.03,125.5,71.43,749.99
Sugarcane,Kharif,11.8,158.8,35.0,105.5,72.5,76.8,8.15,235.3,78.7,928.66
Sugarcane,Zaid,8.1,190.7,23.6,81.3,64.0,81.0,6.02,69.5,73.14,592.45
Sugarcane,Zaid,5.8,92.1,28.5,176.6,65.7,49.6,5.51,112.7,70.13,406.74
Sugarcane,Rabi,2.4,187.0,30.6,151.0,57.7,30.7,7.42,185.5,82.74,198.59
Sugarcane,Rabi,6.8,133.2,30.0,70.3,55.5,83.9,7.65,234.3,89.4,607.91
Sugarcane,Zaid,4.5,295.3,29.0,151.1,25.1,32.8,7.55,54.4,47.31,212.89
Sugarcane,Rabi,1.2,214.3,24.6,125.6,61.8,44.0,5.79,63.9,65.54,78.65
Sugarcane,Rabi,3.3,58.4,20.5,125.2,30.8,35.8,5.57,194.6,69.57,229.56
Sugarcane,Kharif,9.2,261.8,25.9,42.5,24.5,55.7,8.12,188.6,66.67,613.41
Sugarcane,Kharif,12.6,289.0,30.6,69.1,21.2,53.6,6.89,98.1,51.9,653.94
Sugarcane,Kharif,1.6,100.3,21.2,87.3,45.1,55.6,6.79,104.1,68.9,110.24
Sugarcane,Kharif,2.1,93.0,19.1,54.8,31.1,43.9,6.97,192.3,76.22,160.07
Sugarcane,Kharif,12.6,81.5,34.3,161.0,47.9,72.1,7.17,210.6,64.26,809.72
Sugarcane,Rabi,5.0,92.5,24.0,125.1,54.5,31.5,5.84,55.3,70.26,351.31
Sugarcane,Kharif,14.6,238.2,32.6,44.6,48.1,65.3,7.74,59.9,65.9,962.1
Sugarcane,Rabi,12.7,137.0,34.1,105.9,51.7,90.0,7.78,122.4,77.93,989.77
Sugarcane,Zaid,9.8,226.0,29.7,175.5,71.8,51.4,5.67,145.2,72.67,712.14
Sugarcane,Zaid,9.1,147.0,21.1,71.8,54.5,49.6,6.89,84.1,74.98,682.32
Sugarcane,Kharif,1.9,257.4,28.1,133.9,62.2,40.4,6.77,241.2,69.04,131.18
Sugarcane,Rabi,10.9,197.4,26.1,160.2,77.4,54.9,8.02,166.7,76.8,837.08
Sugarcane,Zaid,6.0,258.1,33.3,99.4,24.0,20.1,6.91,118.8,61.72,370.32
Sugarcane,Rabi,14.4,271.9,23.7,63.2,64.8,46.5,6.78,176.1,61.93,891.86
Sugarcane,Zaid,1.2,82.6,23.6,56.4,79.2,41.6,5.85,89.8,54.42,65.31
Sugarcane,Rabi,3.7,133.5,31.1,133.7,24.3,72.3,5.64,158.6,79.6,294.52
Sugarcane,Zaid,3.5,222.3,28.2,160.2,27.0,75.0,7.32,73.0,64.8,226.79
Sugarcane,Rabi,13.8,234.7,21.6,158.1,32.2,72.0,7.35,201.8,69.04,952.72
Sugarcane,Rabi,12.2,298.9,22.5,101.1,51.2,40.6,5.54,94.0,50.49,615.98
Sugarcane,Kharif,10.5,180.6,32.1,61.8,43.5,54.3,5.8,133.9,77.32,811.84
Sugarcane,Kharif,1.5,84.2,31.8,42.5,76.1,26.0,7.66,229.7,68.97,103.46
Sugarcane,Kharif,5.4,156.1,23.6,79.3,78.3,30.7,7.48,50.1,75.3,406.61
Sugarcane,Kharif,6.0,292.1,34.6,163.8,47.1,80.0,5.63,79.7,54.89,329.32
Sugarcane,Zaid,7.3,156.1,20.8,99.7,52.2,21.6,6.7,206.3,84.94,620.07
Sugarcane,Rabi,9.7,292.2,19.7,94.6,44.4,60.4,5.91,85.3,50.06,485.58
Sugarcane,Rabi,13.3,196.5,30.1,152.6,59.5,47.9,6.89,210.6,81.03,1077.75
Sugarcane,Zaid,12.8,78.9,35.4,174.3,41.4,24.6,5.95,248.6,68.5,876.74
Sugarcane,Kharif,4.6,216.0,25.5,175.2,61.0,75.4,6.29,65.8,60.4,277.86
Sugarcane,Rabi,5.4,100.5,35.1,102.2,30.5,33.9,6.26,249.9,75.04,405.2
Sugarcane,Zaid,5.8,65.4,22.9,147.6,73.1,35.5,6.75,144.1,67.03,388.75
Sugarcane,Kharif,11.9,249.4,27.7,83.4,28.7,71.6,7.12,181.1,70.75,841.96
Sugarcane,Rabi,5.9,180.1,29.8,98.6,62.8,80.3,5.92,140.3,85.82,506.32
Sugarcane,Rabi,10.6,112.5,29.5,162.8,45.1,83.8,8.18,71.2,70.85,751.03
Sugarcane,Rabi,11.6,177.9,29.6,54.3,70.7,60.8,8.16,177.3,78.64,912.26
Sugarcane,Kharif,12.2,136.4,22.7,100.3,48.0,36.8,7.92,158.5,84.14,1026.46
Sugarcane,Kharif,12.2,164.3,28.9,124.6,69.6,49.8,6.24,103.0,74.15,904.6
Sugarcane,Rabi,7.9,126.5,34.7,122.4,44.5,65.6,7.57,242.1,83.58,660.3
Sugarcane,Zaid,7.7,274.2,25.1,173.5,49.1,88.2,5.52,229.8,57.16,440.13
Sugarcane,Zaid,8.8,189.7,30.7,64.8,35.1,76.8,8.06,77.2,66.41,584.37
Sugarcane,Zaid,10.9,183.4,20.6,41.3,68.5,32.3,7.14,117.4,72.04,785.27
Sugarcane,Rabi,5.4,71.7,22.0,66.3,45.7,66.1,6.21,52.4,56.46,304.86
Sugarcane,Zaid,5.9,206.9,32.1,130.7,64.9,83.4,7.83,184.8,63.83,376.63
Sugarcane,Kharif,11.1,251.5,23.2,133.0,45.6,82.2,7.78,155.1,63.83,708.52
Sugarcane,Rabi,12.5,220.7,30.6,141.7,76.6,78.3,7.18,183.1,69.06,863.27
Sugarcane,Kharif,5.0,94.0,31.4,75.3,47.3,47.0,8.15,128.2,69.08,345.41
Sugarcane,Kharif,5.0,90.1,23.1,72.7,64.0,22.2,7.17,202.1,69.6,348.01
Sugarcane,Rabi,2.7,75.3,29.0,67.5,35.1,32.2,8.09,220.9,67.18,181.38
Sugarcane,Kharif,7.9,54.9,30.1,113.2,73.9,31.5,7.67,208.4,63.76,503.68
Sugarcane,Rabi,4.7,184.5,34.3,158.5,49.4,22.6,6.95,191.0,77.04,362.08
Sugarcane,Rabi,11.8,137.8,32.6,84.7,29.8,50.5,6.72,53.2,71.2,840.2
Sugarcane,Rabi,11.3,71.9,30.0,165.4,23.5,29.8,7.43,137.5,51.12,577.68
Sugarcane,Rabi,3.2,241.1,26.9,87.5,28.8,58.7,7.53,106.4,61.82,197.82
Sugarcane,Kharif,11.8,60.1,20.2,68.4,44.1,79.2,6.43,180.9,62.79,740.96
Sugarcane,Kharif,7.4,109.2,29.3,82.2,78.1,69.2,5.87,133.3,77.63,574.47
Sugarcane,Zaid,8.5,260.5,28.5,48.6,59.3,20.6,7.61,183.3,65.37,555.66
Sugarcane,Rabi,12.0,138.1,23.4,118.4,20.5,25.8,5.84,87.1,73.36,880.33
Sugarcane,Rabi,10.2,159.8,18.8,168.8,48.2,22.0,7.36,146.4,77.07,786.16
Sugarcane,Kharif,7.4,109.7,33.0,149.7,69.5,70.7,7.75,90.2,71.53,529.3
Sugarcane,Zaid,10.7,209.3,30.9,71.4,25.9,84.2,7.01,80.8,61.78,661.01
Sugarcane,Kharif,4.0,196.3,26.0,44.8,39.2,76.7,7.36,195.0,70.13,280.53
Sugarcane,Kharif,5.4,74.9,22.9,156.4,78.8,54.6,5.53,78.0,54.99,296.94
Sugarcane,Rabi,3.2,134.6,18.4,90.9,51.9,81.0,7.36,72.3,75.49,241.56
Millet,Kharif,14.8,233.1,32.0,162.1,32.9,25.9,6.8,152.8,1.56,23.16
Millet,Rabi,13.1,259.8,29.8,110.3,63.3,20.4,7.1,219.5,1.64,21.49
Millet,Kharif,14.7,148.4,22.1,64.0,60.1,62.7,7.24,67.6,1.76,25.87
Millet,Kharif,11.6,291.1,20.1,84.0,68.6,38.6,6.08,215.1,1.63,18.92
Millet,Rabi,4.4,194.2,22.9,155.4,20.3,59.5,6.42,114.5,1.57,6.91
Millet,Kharif,5.8,246.2,21.5,129.4,59.3,86.8,7.59,210.7,1.7,9.87
Millet,Kharif,11.3,192.8,19.2,56.3,55.8,39.2,5.72,135.9,1.98,22.36
Millet,Zaid,10.6,143.1,22.7,146.4,66.4,51.9,7.15,124.7,2.19,23.25
Millet,Zaid,6.3,285.7,32.7,122.3,35.1,34.3,6.42,145.3,1.17,7.39
Millet,Kharif,14.7,77.0,34.8,167.9,51.5,70.7,6.68,176.0,1.74,25.56
Millet,Kharif,8.4,150.6,20.9,56.6,65.6,84.9,6.74,181.9,2.09,17.57
Millet,Rabi,2.5,253.2,18.7,132.3,36.4,81.0,6.81,111.1,1.46,3.66
Millet,Zaid,13.2,176.9,32.5,91.5,27.5,22.9,6.26,98.8,1.82,24.01
Millet,Rabi,11.1,76.9,33.2,143.0,32.7,30.2,6.35,245.2,2.02,22.41
Millet,Zaid,6.8,215.9,26.8,112.4,45.9,89.4,8.0,111.5,1.66,11.29
Millet,Zaid,9.1,287.6,33.5,72.0,33.2,34.1,7.99,220.5,1.41,12.86
Millet,Zaid,6.5,176.1,26.4,75.5,50.3,22.1,5.86,227.3,1.92,12.47
Millet,Kharif,10.2,259.0,30.9,113.3,22.7,85.3,7.4,199.2,1.58,16.07
Millet,Rabi,5.6,238.7,23.9,59.4,43.9,88.6,6.11,172.4,1.68,9.38
Millet,Zaid,13.2,80.0,26.1,167.5,68.9,56.4,7.58,154.5,1.59,20.93
Millet,Zaid,5.5,229.0,20.4,80.8,28.7,76.8,6.1,193.5,1.86,10.25
Millet,Kharif,4.3,60.5,29.2,118.8,44.1,65.1,6.99,100.1,1.63,7.01
Millet,Kharif,7.5,214.4,34.1,95.0,77.7,49.1,7.12,192.0,1.92,14.42
Millet,Rabi,8.3,117.1,32.0,117.3,59.7,42.6,6.8,173.5,1.81,15.04
Millet,Rabi,3.8,290.4,27.2,142.7,44.7,44.9,6.6,131.8,1.23,4.68
Millet,Rabi,9.9,254.6,29.5,83.5,59.4,34.7,6.36,98.0,1.54,15.26
Millet,Kharif,13.7,209.5,31.8,91.6,77.6,77.4,7.81,84.4,1.6,21.95
Millet,Kharif,7.1,57.6,31.9,127.1,56.1,58.2,7.09,236.9,1.62,11.49
Millet,Kharif,1.1,157.3,25.3,56.0,60.6,69.1,7.45,195.7,2.1,2.31
Millet,Rabi,8.8,260.8,26.7,68.8,69.7,57.6,5.91,151.1,1.69,14.86
Millet,Zaid,14.2,160.7,28.8,106.7,76.0,25.3,6.85,187.4,1.88,26.68
Millet,Rabi,8.8,249.0,18.1,128.4,55.8,42.3,6.72,99.4,1.39,12.25
Millet,Rabi,2.8,73.3,28.6,114.5,36.0,83.0,8.0,130.5,1.4,3.92
Millet,Zaid,2.7,74.6,31.6,71.3,23.3,75.8,5.92,175.0,1.66,4.49
Millet,Rabi,10.7,133.7,30.5,137.8,62.2,54.5,7.97,147.8,2.02,21.62
Millet,Zaid,12.7,150.5,30.9,162.7,33.0,76.5,7.54,121.4,1.76,22.32
Millet,Zaid,11.8,82.4,26.2,111.0,61.2,64.3,7.69,59.0,1.67,19.67
Millet,Kharif,5.5,104.9,30.2,146.2,33.5,25.4,7.69,245.3,2.0,11.01
Millet,Rabi,1.3,69.9,25.5,172.0,63.3,26.2,7.79,196.5,1.62,2.1
Millet,Rabi,9.8,248.8,35.4,105.4,54.4,51.1,7.3,176.0,1.94,19.05
Millet,Rabi,12.2,285.9,19.8,77.1,49.7,79.3,6.86,199.6,1.58,19.3
Millet,Zaid,6.6,117.2,24.3,139.8,53.3,83.3,7.13,148.6,1.9,12.51
Millet,Kharif,6.2,212.1,31.1,69.4,73.1,63.1,6.66,86.5,1.48,9.16
Millet,Zaid,13.7,182.5,20.5,91.7,63.3,32.2,7.09,189.1,1.74,23.84
Millet,Kharif,10.4,185.4,33.2,146.6,23.5,89.9,7.53,222.8,1.78,18.51
Millet,Rabi,8.9,107.1,32.8,81.4,62.3,55.9,7.08,85.9,1.49,13.29
Millet,Rabi,10.6,180.0,32.9,98.7,31.6,39.9,6.86,156.3,2.02,21.41
Millet,Zaid,7.2,208.2,33.5,51.2,66.7,54.5,7.02,180.8,1.61,11.58
Millet,Zaid,13.3,124.5,18.2,82.1,54.7,46.3,6.94,225.3,1.88,25.01
Millet,Zaid,2.0,195.0,31.0,53.2,58.0,40.0,7.56,157.9,2.04,4.08
Millet,Kharif,1.3,221.7,23.3,118.4,38.1,31.7,6.6,96.5,1.64,2.13
Millet,Rabi,2.2,225.4,18.9,48.3,38.3,82.8,7.23,204.0,1.67,3.67
Millet,Zaid,8.4,179.4,34.6,116.9,55.0,48.1,8.06,205.4,2.16,18.12
Millet,Rabi,1.8,118.3,34.6,89.6,59.7,90.0,6.21,165.2,2.24,4.03
Millet,Rabi,3.1,164.1,24.9,140.0,24.2,88.1,5.54,170.3,2.07,6.43
Millet,Rabi,5.0,159.5,24.4,50.2,60.4,77.8,6.32,248.0,2.22,11.12
Millet,Kharif,10.6,54.9,31.2,108.2,68.8,86.8,8.0,231.9,1.62,17.13
Millet,Rabi,11.2,80.2,21.0,84.2,55.6,65.2,6.57,65.6,1.72,19.26
Millet,Zaid,2.5,78.1,23.2,126.0,68.3,82.9,7.18,51.1,1.57,3.93
Millet,Zaid,9.9,124.0,30.8,63.7,69.9,60.0,7.08,92.0,1.41,14.0
Millet,Zaid,14.4,103.7,27.3,143.0,53.4,85.0,6.52,142.7,1.72,24.77
Millet,Rabi,14.4,85.5,23.5,155.2,33.1,37.0,7.23,105.2,1.69,24.31
Millet,Rabi,6.5,130.6,29.0,171.5,60.3,25.2,6.74,228.2,2.26,14.66
Millet,Zaid,6.9,160.2,29.4,148.4,22.0,61.5,6.0,119.2,1.9,13.13
Millet,Kharif,12.0,89.8,18.8,95.2,45.0,51.6,7.73,69.6,1.84,22.13
Millet,Kharif,12.6,76.7,27.1,137.6,55.2,78.3,5.7,188.1,1.94,24.5
Millet,Zaid,10.3,227.5,18.2,101.5,70.6,54.3,6.34,224.4,1.55,15.93
Millet,Rabi,11.1,235.7,18.9,71.0,36.5,58.3,5.89,76.8,1.35,15.03
Millet,Rabi,6.9,67.1,27.2,103.7,66.0,66.2,6.7,94.9,1.34,9.24
Millet,Rabi,6.3,174.4,24.2,73.9,43.9,21.3,7.59,84.2,1.74,10.93
Millet,Kharif,7.9,139.6,32.9,43.2,34.6,30.7,7.82,143.5,2.06,16.31
Millet,Rabi,11.1,97.6,26.0,50.0,43.4,71.9,6.54,116.1,1.77,19.66
Millet,Rabi,7.0,108.4,35.9,173.9,70.6,68.2,6.3,232.7,1.98,13.87
Millet,Kharif,1.3,170.9,27.0,85.0,27.9,46.3,7.32,206.5,2.01,2.61
Millet,Zaid,14.8,129.5,27.6,111.6,77.3,53.5,7.39,234.4,2.27,33.64
Millet,Rabi,8.8,113.8,22.7,45.5,38.3,72.1,5.63,93.9,1.86,16.41
Millet,Rabi,12.0,163.8,30.6,94.3,29.6,47.9,7.07,239.6,2.05,24.63
Millet,Zaid,5.6,230.4,19.3,168.0,21.2,87.4,6.75,132.5,2.01,11.24
Millet,Zaid,6.4,258.9,35.4,101.4,43.6,79.3,6.65,160.4,1.73,11.05
Millet,Rabi,11.9,103.8,30.9,152.0,40.8,32.1,5.51,140.2,1.84,21.86
Millet,Zaid,8.0,85.2,21.9,130.7,45.3,30.3,6.79,53.5,1.47,11.79
Millet,Kharif,11.1,242.5,26.3,140.0,64.2,29.7,8.11,214.2,1.6,17.76
Millet,Zaid,9.1,82.7,26.2,77.6,70.5,42.0,7.76,135.7,2.06,18.7
Millet,Rabi,6.5,242.1,25.7,104.0,51.1,78.2,7.28,119.8,1.58,10.28
Millet,Zaid,5.3,59.0,34.8,88.3,26.4,54.4,7.57,94.3,1.57,8.33
Millet,Zaid,14.0,86.7,35.5,172.6,73.1,35.0,7.21,202.2,1.62,22.7
Millet,Zaid,3.5,241.5,24.1,64.6,45.3,75.6,6.76,157.5,1.59,5.58
Millet,Kharif,2.5,276.5,18.7,100.4,23.1,26.7,7.28,179.4,1.38,3.46
Millet,Kharif,1.3,113.2,27.3,42.1,35.9,56.0,7.05,235.2,1.89,2.46
Millet,Kharif,4.3,244.0,35.5,105.3,38.3,50.0,6.32,101.3,1.46,6.26
Millet,Kharif,14.8,183.4,20.0,156.0,35.1,74.4,8.08,189.4,1.64,24.25
Millet,Kharif,5.9,209.1,31.5,135.0,31.9,54.6,7.64,145.1,1.66,9.81
Millet,Kharif,11.8,215.3,25.4,165.4,29.8,89.7,5.82,53.0,1.5,17.68
Millet,Kharif,2.7,299.1,32.2,97.2,69.4,67.6,7.63,213.0,1.55,4.18
Millet,Rabi,6.1,197.8,27.1,130.4,78.4,23.9,7.05,222.6,1.93,11.77
Millet,Kharif,5.7,88.6,25.2,91.3,53.6,66.6,8.14,195.7,1.99,11.32
Millet,Rabi,7.0,99.4,34.4,64.4,37.2,56.2,6.21,92.0,1.71,11.99
Millet,Zaid,6.9,244.6,31.2,120.4,69.3,59.4,8.1,93.4,1.24,8.59
Millet,Rabi,10.4,272.8,32.5,65.8,37.8,70.2,5.73,212.4,1.44,14.96
Millet,Kharif,11.0,220.0,33.0,45.8,21.4,46.1,5.9,161.7,1.77,19.44
Millet,Zaid,5.8,290.9,34.4,128.3,54.8,45.9,5.55,75.5,1.08,6.24
Millet,Kharif,4.7,287.0,24.6,167.1,38.3,58.0,5.56,154.4,1.35,6.35
Millet,Rabi,8.4,73.0,26.0,179.9,70.1,82.5,7.72,70.6,1.55,12.99
Millet,Zaid,10.5,268.6,31.5,171.4,23.2,20.9,7.29,107.9,1.26,13.18
Millet,Rabi,7.0,83.7,34.4,105.8,54.1,85.0,6.93,120.7,1.61,11.3
Millet,Rabi,11.4,239.2,30.0,72.8,55.3,59.9,6.81,160.0,1.47,16.76
Millet,Zaid,6.1,234.4,28.8,64.9,38.2,43.6,7.03,216.3,1.71,10.46
Millet,Zaid,3.6,171.3,32.9,173.1,58.1,44.8,7.13,112.4,1.79,6.45
Millet,Kharif,14.3,202.1,22.0,107.1,60.5,42.7,5.72,166.7,2.03,28.97
Millet,Kharif,2.7,264.4,34.2,172.5,43.8,35.2,6.51,116.6,1.42,3.83
Millet,Rabi,13.8,237.8,34.8,84.4,76.4,45.8,5.65,202.6,1.74,23.95
Millet,Zaid,5.7,175.8,18.3,41.0,34.4,27.1,6.2,85.4,1.85,10.56
Millet,Kharif,13.7,52.1,31.2,61.3,74.7,82.5,7.27,184.4,1.68,22.98
Millet,Kharif,9.6,284.0,35.3,69.1,38.7,73.9,7.84,153.8,1.38,13.26
Millet,Kharif,3.0,106.2,28.0,147.0,57.2,36.2,5.5,201.4,1.9,5.7
Millet,Kharif,13.7,152.5,27.4,106.8,46.9,74.3,6.92,113.3,2.2,30.08
Millet,Zaid,11.2,80.4,29.0,138.4,47.2,37.0,7.87,198.6,1.86,20.81
Millet,Kharif,5.3,295.7,22.9,68.4,46.5,24.0,8.14,167.7,1.51,8.0
Millet,Zaid,5.9,229.7,31.8,98.3,21.0,63.3,5.67,71.6,1.48,8.76
Millet,Rabi,12.9,257.0,24.9,122.5,63.2,36.9,5.95,244.4,1.48,19.11
Millet,Rabi,7.8,152.0,21.8,107.6,40.5,57.9,7.32,176.7,2.1,16.35
Millet,Zaid,2.3,92.9,19.8,125.8,25.7,72.8,5.56,99.9,1.98,4.56
Millet,Rabi,10.0,53.8,33.5,60.4,70.2,21.1,7.24,137.0,1.65,16.46
Millet,Rabi,7.4,59.9,18.3,56.7,58.9,59.7,6.99,56.4,1.28,9.44
Millet,Kharif,13.8,266.9,24.7,50.0,73.6,82.2,7.81,219.0,1.51,20.83
Millet,Kharif,4.9,63.3,32.3,98.4,33.7,36.2,7.93,216.8,1.78,8.72
Millet,Rabi,9.6,168.6,25.0,168.2,27.5,49.3,6.43,149.6,1.91,18.37
Millet,Rabi,4.2,168.9,25.6,160.5,52.5,68.3,6.77,137.9,1.95,8.18
Millet,Zaid,10.5,167.6,25.0,92.6,58.4,54.6,7.79,224.9,1.91,20.1
Millet,Zaid,1.3,180.0,30.2,52.0,47.7,72.1,8.16,183.4,1.92,2.5
Millet,Zaid,4.3,180.3,21.1,82.8,39.3,31.2,6.05,207.7,1.98,8.53
Millet,Kharif,8.1,262.8,30.3,165.6,73.4,88.4,7.39,150.5,1.75,14.18
Millet,Kharif,10.9,122.9,23.1,73.4,72.5,80.8,7.2,144.6,1.83,19.96
Millet,Rabi,4.7,178.1,24.0,160.5,48.4,76.0,7.07,204.6,2.1,9.87
Millet,Kharif,6.9,54.2,24.6,78.3,50.4,43.5,7.46,152.0,1.64,11.34
Millet,Rabi,14.8,55.0,30.6,75.4,22.4,48.2,8.03,52.4,1.37,20.22
Millet,Zaid,8.0,268.3,19.5,135.4,60.8,66.8,8.04,214.6,1.52,12.13
Millet,Kharif,12.4,202.9,32.0,140.7,49.8,22.9,7.08,59.7,1.58,19.6
Millet,Kharif,6.0,157.6,25.4,92.5,75.5,78.0,5.79,71.6,1.82,10.95
Millet,Rabi,10.2,270.8,28.4,89.6,69.3,74.8,6.97,80.9,1.38,14.12
Millet,Zaid,12.8,277.8,32.8,57.9,79.9,38.1,7.46,231.6,1.47,18.79
Millet,Zaid,14.7,120.3,35.2,47.5,62.6,57.2,6.79,94.7,1.91,28.11
Millet,Kharif,12.1,155.7,32.4,75.5,45.3,75.1,8.13,61.9,1.88,22.71
Millet,Rabi,13.2,228.0,28.4,52.5,61.6,31.6,7.62,100.0,1.36,17.91
Millet,Rabi,11.9,121.7,25.2,143.5,78.1,51.9,7.74,245.0,2.09,24.85
Millet,Rabi,7.8,194.6,30.4,55.0,69.3,50.5,5.7,207.2,2.05,15.98
Millet,Rabi,11.8,89.2,31.3,123.9,23.5,74.4,6.53,116.1,1.63,19.27
Millet,Rabi,9.4,201.6,24.6,166.6,50.2,52.5,8.19,148.7,1.97,18.51
Millet,Zaid,1.7,110.8,32.3,46.9,71.3,66.1,6.67,119.3,1.77,3.01
Millet,Rabi,14.7,267.1,34.1,164.1,52.5,65.2,6.97,60.2,1.31,19.27
Pulses,Kharif,5.7,150.0,25.6,127.7,37.2,87.8,7.14,129.9,1.66,9.45
Pulses,Rabi,9.5,88.5,32.3,149.9,34.2,40.2,8.03,215.1,1.24,11.82
Pulses,Rabi,6.4,89.3,29.6,115.1,36.5,53.6,7.51,91.1,1.24,7.91
Pulses,Rabi,12.7,75.9,33.1,61.4,25.0,64.9,6.77,231.6,1.52,19.29
Pulses,Rabi,11.3,147.2,25.8,60.2,69.4,85.2,7.18,118.7,1.46,16.51
Pulses,Rabi,10.5,169.0,35.9,142.0,77.1,78.4,7.94,212.9,1.81,19.0
Pulses,Rabi,4.8,86.2,28.5,63.5,45.5,52.3,5.56,53.4,1.28,6.15
Pulses,Rabi,3.5,75.8,18.9,101.0,57.4,78.8,7.34,91.7,1.26,4.42
Pulses,Zaid,7.1,123.7,18.9,108.2,41.3,37.6,7.38,203.9,1.6,11.35
Pulses,Zaid,2.5,259.0,32.7,114.7,28.5,21.8,7.65,170.0,1.1,2.75
Pulses,Kharif,9.6,91.6,27.5,122.6,37.9,22.5,5.6,55.3,1.17,11.25
Pulses,Kharif,11.7,229.8,33.9,129.5,24.0,37.7,7.68,83.4,1.22,14.28
Pulses,Rabi,7.2,211.7,26.9,126.8,52.7,71.8,7.41,156.8,1.38,9.97
Pulses,Kharif,13.1,161.4,30.9,161.5,22.6,60.2,7.8,129.6,1.52,19.91
Pulses,Kharif,9.4,157.0,24.0,52.6,53.8,53.5,5.78,172.5,1.65,15.5
Pulses,Zaid,6.7,288.3,33.6,81.5,29.6,50.5,6.59,165.1,1.09,7.31
Pulses,Zaid,10.1,68.3,24.8,139.4,21.2,59.9,6.4,51.8,1.15,11.63
Pulses,Rabi,1.7,226.3,33.3,100.8,75.7,61.3,7.2,219.1,1.35,2.3
Pulses,Zaid,3.7,106.2,22.9,102.9,59.2,79.9,6.28,86.7,1.32,4.89
Pulses,Kharif,3.3,130.3,22.0,162.9,48.9,59.4,7.1,177.9,1.82,6.0
Pulses,Rabi,13.0,225.0,27.9,125.3,25.5,53.2,6.02,91.7,1.09,14.12
Pulses,Kharif,13.9,154.3,35.3,43.4,38.4,66.6,7.91,101.3,1.38,19.16
Pulses,Zaid,5.9,147.4,27.2,170.1,72.5,29.4,5.97,121.5,1.58,9.33
Pulses,Zaid,1.3,149.2,23.5,140.0,23.3,54.2,7.06,173.5,1.52,1.98
Pulses,Kharif,4.1,142.1,24.6,174.3,46.6,72.9,7.53,103.1,1.45,5.95
Pulses,Zaid,4.6,182.1,23.2,136.3,48.2,52.1,8.16,128.5,1.12,5.16
Pulses,Rabi,12.6,261.1,28.2,93.5,76.1,50.2,6.95,139.2,1.22,15.34
Pulses,Zaid,11.2,178.1,30.8,99.2,59.1,38.1,5.69,132.7,1.58,17.65
Pulses,Zaid,13.7,103.8,21.7,65.4,20.8,74.0,7.86,172.8,1.47,20.1
Pulses,Rabi,1.2,138.2,20.6,169.4,26.2,47.1,6.11,219.3,1.73,2.07
Pulses,Rabi,1.5,82.1,22.0,153.6,72.7,25.0,5.59,198.9,1.25,1.88
Pulses,Rabi,7.2,91.4,35.7,53.5,55.4,63.9,6.95,182.4,1.35,9.75
Pulses,Zaid,8.8,121.8,34.9,146.7,78.4,22.6,6.27,89.1,1.48,13.0
Pulses,Kharif,5.6,73.7,35.9,77.5,71.1,31.6,7.47,154.9,1.29,7.23
Pulses,Zaid,9.9,141.0,33.3,145.9,56.6,45.5,6.07,205.2,1.65,16.3
Pulses,Kharif,6.5,202.8,18.8,145.3,24.7,66.0,5.55,216.4,1.33,8.66
Pulses,Kharif,8.2,115.4,31.0,85.0,63.5,39.9,7.53,56.1,1.25,10.28
Pulses,Kharif,10.9,62.0,25.3,138.7,33.6,75.7,7.2,167.5,1.43,15.55
Pulses,Zaid,14.3,106.2,36.0,109.4,66.3,20.2,7.9,104.0,1.51,21.56
Pulses,Rabi,12.1,100.6,35.3,110.3,75.0,69.5,7.45,67.0,1.2,14.57
Pulses,Rabi,4.3,274.4,33.5,111.3,46.0,46.4,7.41,184.3,1.02,4.38
Pulses,Rabi,5.9,240.9,19.7,89.2,70.2,24.7,8.04,247.3,1.13,6.68
Pulses,Kharif,1.9,91.5,23.4,115.5,66.6,42.5,6.46,101.2,1.4,2.65
Pulses,Rabi,13.5,225.1,21.6,100.2,49.6,23.9,8.08,75.7,1.44,19.38
Pulses,Kharif,8.1,56.4,34.6,159.3,51.5,36.0,5.83,122.7,1.38,11.18
Pulses,Kharif,1.6,191.7,25.2,148.1,22.3,48.1,7.66,154.5,1.48,2.36
Pulses,Kharif,2.8,263.8,28.6,164.5,76.3,23.8,6.85,125.0,1.11,3.11
Pulses,Kharif,5.0,76.2,31.7,111.5,53.4,48.8,6.74,73.2,1.11,5.54
Pulses,Zaid,7.1,254.2,21.5,68.7,58.7,79.2,6.77,195.4,1.04,7.35
Pulses,Rabi,13.7,126.0,26.1,116.1,26.0,85.3,6.51,66.2,1.48,20.3
Pulses,Rabi,9.4,178.4,30.5,47.8,37.1,77.3,5.72,221.1,1.7,15.94
Pulses,Rabi,7.7,182.8,23.4,109.2,27.9,86.9,7.66,183.6,1.58,12.17
Pulses,Zaid,12.1,214.1,29.0,97.6,48.4,49.0,7.77,96.0,1.46,17.61
Pulses,Rabi,5.1,113.5,29.2,115.0,23.6,25.7,7.24,143.0,1.42,7.23
Pulses,Zaid,9.3,131.2,18.5,145.0,32.9,78.4,6.63,165.4,1.64,15.27
Pulses,Kharif,6.9,292.3,19.0,122.8,71.5,53.7,5.51,98.6,0.78,5.39
Pulses,Rabi,5.4,130.0,24.1,135.2,23.5,85.0,6.1,249.9,1.57,8.49
Pulses,Zaid,2.1,268.7,33.5,96.5,62.1,59.0,7.8,113.0,1.18,2.49
Pulses,Rabi,11.4,274.3,34.7,93.0,30.4,83.9,5.75,194.3,1.22,13.94
Pulses,Rabi,4.5,217.1,31.3,102.7,76.3,71.6,6.74,163.9,1.34,6.03
Pulses,Kharif,11.6,190.3,23.4,96.0,61.4,83.4,5.85,164.3,1.61,18.67
Pulses,Rabi,9.6,262.3,26.6,161.9,41.6,84.9,7.39,101.4,1.27,12.18
Pulses,Rabi,9.2,279.4,27.8,110.8,33.3,58.1,5.88,223.9,1.02,9.37
Pulses,Rabi,8.2,218.9,35.3,75.5,72.5,84.7,7.31,236.3,1.61,13.16
Pulses,Zaid,1.4,273.8,18.9,133.2,24.3,69.4,5.59,218.5,1.34,1.87
Pulses,Zaid,1.2,118.2,18.0,98.2,63.7,75.9,8.05,171.7,1.5,1.79
Pulses,Rabi,14.6,271.8,22.7,57.1,76.5,52.3,6.34,148.1,0.97,14.19
Pulses,Kharif,1.3,83.3,29.8,152.3,79.3,44.2,7.12,237.4,1.4,1.82
Pulses,Kharif,6.2,77.0,22.5,78.1,63.2,23.4,7.26,94.3,1.27,7.86
Pulses,Kharif,8.5,116.9,34.4,91.6,22.7,41.0,6.93,131.6,1.19,10.12
Pulses,Kharif,11.4,104.2,19.1,61.8,46.5,55.4,6.53,138.0,1.43,16.27
Pulses,Rabi,7.3,211.7,35.2,151.2,22.4,43.3,6.77,112.9,1.43,10.43
Pulses,Zaid,12.6,232.8,35.8,78.2,72.5,73.7,6.48,196.8,1.55,19.52
Pulses,Kharif,1.3,274.4,27.3,105.4,71.6,86.7,6.64,84.5,0.9,1.17
Pulses,Rabi,8.4,238.5,25.9,144.5,32.3,46.0,7.21,53.6,1.32,11.07
Pulses,Kharif,13.6,177.1,25.4,161.3,64.5,86.4,8.04,126.5,1.64,22.27
Pulses,Kharif,5.3,275.0,30.4,178.0,66.0,85.9,6.08,204.3,1.03,5.46
Pulses,Zaid,3.2,53.6,32.1,153.7,29.7,71.8,6.67,97.9,1.21,3.87
Pulses,Rabi,3.5,239.2,18.9,174.3,24.3,60.6,7.94,52.4,1.19,4.18
Pulses,Rabi,1.9,102.2,26.7,52.0,70.6,70.3,8.05,188.7,1.21,2.31
Pulses,Zaid,9.3,143.1,23.0,78.3,30.5,42.8,6.04,176.8,1.84,17.11
Pulses,Kharif,14.9,72.7,30.0,79.7,58.4,62.5,5.91,91.3,1.34,19.97
Pulses,Kharif,9.7,97.2,28.2,143.5,67.0,41.1,6.88,174.2,1.6,15.56
Pulses,Rabi,13.6,278.9,32.0,72.0,21.5,46.9,5.88,192.1,1.21,16.39
Pulses,Kharif,4.9,258.7,23.3,48.0,23.1,49.9,8.02,107.2,1.31,6.4
Pulses,Kharif,13.8,153.4,25.6,138.4,76.6,38.7,6.69,209.2,1.61,22.25
Pulses,Rabi,10.2,258.7,28.1,44.4,47.7,52.4,6.97,184.2,1.27,12.91
Pulses,Kharif,3.4,156.5,21.4,148.3,48.5,44.6,6.47,220.4,1.64,5.57
Pulses,Kharif,14.6,295.8,28.4,40.2,74.0,59.9,6.49,215.8,0.83,12.13
Pulses,Zaid,4.5,198.4,21.7,85.3,58.2,81.7,6.94,201.8,1.55,6.98
Pulses,Zaid,2.6,84.7,23.4,79.4,56.3,77.2,7.56,102.5,1.37,3.57
Pulses,Rabi,9.9,105.6,19.0,126.1,22.8,62.9,6.11,230.9,1.57,15.57
Pulses,Rabi,8.8,232.7,18.8,41.6,47.5,29.2,7.29,92.8,1.24,10.92
Pulses,Zaid,2.6,55.8,18.9,173.6,28.5,69.6,5.68,71.6,0.97,2.53
Pulses,Rabi,5.2,64.6,20.6,157.4,63.9,66.5,5.85,178.0,1.41,7.34
Pulses,Rabi,3.1,241.5,19.2,155.7,35.7,68.2,7.99,118.0,1.38,4.29
Pulses,Zaid,7.5,89.4,28.6,144.0,75.0,79.6,6.88,193.8,1.48,11.07
Pulses,Zaid,14.2,86.2,21.2,160.8,43.6,20.3,6.24,169.5,1.36,19.29
Pulses,Zaid,2.5,280.5,31.5,122.6,66.2,50.0,7.55,124.4,0.86,2.15
Pulses,Zaid,2.9,104.7,28.4,49.1,46.1,29.5,6.24,88.2,1.4,4.05
Pulses,Kharif,7.5,107.0,21.6,99.6,65.3,62.4,7.36,106.5,1.38,10.35
Pulses,Kharif,1.2,92.4,29.7,125.7,67.3,37.8,7.56,187.6,1.44,1.72
Pulses,Rabi,8.6,86.8,26.1,163.4,45.3,78.8,7.09,88.4,1.4,12.07
Pulses,Zaid,2.4,255.7,30.2,52.3,61.0,60.6,7.11,108.2,1.06,2.54
Pulses,Kharif,10.9,115.0,35.0,114.2,69.9,45.6,5.77,184.7,1.34,14.61
Pulses,Kharif,9.8,294.9,26.4,154.4,50.5,54.7,8.01,228.0,1.08,10.61
Pulses,Zaid,2.4,79.3,23.4,174.4,58.0,58.8,7.4,133.5,1.45,3.48
Pulses,Kharif,4.7,119.4,27.4,100.3,58.9,45.5,6.12,144.0,1.43,6.73
Pulses,Zaid,13.2,109.4,19.5,127.8,40.2,67.0,5.59,76.7,1.48,19.49
Pulses,Rabi,6.6,257.5,20.8,155.2,52.4,35.6,6.6,247.6,1.33,8.77
Pulses,Zaid,9.1,78.8,25.5,76.8,24.3,58.0,7.9,185.1,1.54,14.03
Pulses,Kharif,7.8,285.1,23.3,98.2,67.2,58.2,6.98,60.7,0.92,7.14
Pulses,Rabi,2.6,164.7,30.5,179.7,39.4,56.0,7.88,121.1,1.35,3.52
Pulses,Zaid,1.6,199.6,33.4,93.4,64.4,63.9,6.51,78.2,1.17,1.87
Pulses,Zaid,14.1,150.8,30.8,111.0,68.2,69.9,6.49,117.3,1.59,22.36
Pulses,Rabi,10.7,292.9,19.5,166.2,27.6,47.5,7.8,231.3,1.26,13.48
Pulses,Kharif,8.7,235.9,24.1,103.3,26.1,25.1,6.75,110.3,1.31,11.36
Pulses,Rabi,8.7,288.3,21.2,141.4,68.7,67.5,7.14,163.0,1.07,9.28
Pulses,Zaid,5.7,172.6,23.7,87.0,40.2,28.6,5.73,59.3,1.28,7.3
Pulses,Rabi,11.6,119.0,26.0,52.2,37.2,74.7,5.91,179.4,1.52,17.65
Pulses,Zaid,9.0,126.4,26.9,110.2,21.4,44.9,7.5,152.0,1.45,13.05
Pulses,Rabi,12.0,219.7,26.5,166.0,40.2,40.6,7.86,209.4,1.39,16.62
Pulses,Zaid,3.1,225.2,22.6,169.2,27.8,42.3,5.65,190.7,1.42,4.41
Pulses,Zaid,2.8,71.9,33.1,159.8,69.9,75.9,6.48,93.5,1.25,3.51
Pulses,Zaid,5.5,59.4,34.5,59.5,53.1,39.2,5.68,60.0,0.98,5.4
Pulses,Rabi,4.9,166.0,26.1,121.7,36.9,25.4,5.89,189.8,1.89,9.26
Pulses,Zaid,6.3,203.4,29.2,107.4,44.0,89.0,7.72,137.0,1.44,9.1
Pulses,Kharif,10.5,121.5,22.5,93.4,50.1,86.6,7.56,135.9,1.19,12.45
Pulses,Kharif,14.3,299.7,24.7,81.8,71.5,89.9,7.2,209.0,1.05,15.02
Pulses,Rabi,10.7,287.8,19.4,44.0,73.0,72.4,8.18,129.4,1.02,10.87
Pulses,Kharif,4.1,127.4,29.1,114.8,33.1,31.5,6.14,150.5,1.51,6.2
Pulses,Kharif,1.8,232.3,23.9,131.5,36.8,60.0,7.58,235.6,1.46,2.62
Pulses,Rabi,1.6,92.0,20.1,65.2,78.2,58.6,6.76,246.9,1.37,2.2
Pulses,Zaid,9.9,287.4,35.9,92.5,55.9,79.9,5.82,187.9,1.04,10.3
Pulses,Zaid,3.9,150.7,19.4,137.4,35.2,41.8,5.83,222.9,1.74,6.78
Pulses,Kharif,4.7,82.5,26.9,97.0,61.9,83.3,7.67,104.9,1.45,6.79
Pulses,Kharif,12.7,282.3,26.3,147.6,55.5,41.7,8.18,57.7,0.93,11.85
Pulses,Rabi,8.5,264.5,31.3,70.2,44.0,55.6,7.69,217.8,1.18,10.02
Pulses,Rabi,14.2,179.3,19.3,154.3,72.1,64.8,6.71,182.4,1.5,21.28
Pulses,Kharif,4.1,296.7,23.5,57.8,52.7,80.1,7.33,109.2,0.93,3.82
Pulses,Kharif,14.7,226.1,30.8,53.3,63.9,71.8,7.28,95.7,1.38,20.24
Pulses,Rabi,4.2,169.2,20.4,95.3,30.6,45.5,6.51,248.6,1.65,6.94
Pulses,Zaid,2.6,231.5,18.9,44.2,26.3,87.6,8.04,88.8,1.55,4.04
Pulses,Kharif,4.1,239.2,23.6,169.1,59.4,50.5,7.63,213.6,1.4,5.72
Pulses,Rabi,2.8,110.6,22.4,162.8,31.9,75.1,6.75,249.8,1.46,4.09
Pulses,Zaid,9.2,244.6,19.7,64.2,20.7,61.6,7.89,184.1,1.28,11.73
Pulses,Rabi,1.9,275.8,32.7,84.0,78.4,40.2,7.9,226.1,1.19,2.26
Pulses,Kharif,6.7,191.1,32.3,78.2,57.6,78.0,7.41,145.9,1.46,9.76
Pulses,Kharif,12.1,82.5,19.5,42.9,57.7,64.1,8.16,129.6,1.25,15.13
Pulses,Zaid,4.4,88.6,34.0,78.5,28.3,28.4,7.39,51.2,1.24,5.46
Tomato,Zaid,2.7,262.4,35.3,174.2,46.5,65.1,7.12,120.0,19.32,52.17
Tomato,Kharif,5.7,124.0,19.2,165.4,61.5,28.5,5.68,245.0,26.07,148.6
Tomato,Kharif,2.3,150.5,35.2,179.4,63.8,35.9,5.78,133.0,24.91,57.28
Tomato,Zaid,13.9,278.7,35.8,162.4,79.9,37.1,7.77,214.6,20.56,285.72
Tomato,Rabi,5.5,94.2,19.8,143.2,47.0,42.6,7.81,168.7,25.23,138.75
Tomato,Rabi,2.1,90.7,25.0,66.0,67.5,49.1,5.75,146.9,26.6,55.87
Tomato,Kharif,4.9,97.0,22.7,145.2,42.2,32.1,5.77,115.5,24.05,117.84
Tomato,Zaid,1.3,79.4,33.2,158.3,39.8,26.2,7.4,122.0,20.63,26.83
Tomato,Kharif,3.2,84.3,28.6,165.7,67.6,58.3,6.64,173.7,22.9,73.27
Tomato,Kharif,5.5,146.8,29.2,62.1,71.6,51.3,7.98,143.6,27.63,151.96
Tomato,Kharif,10.3,87.8,19.9,120.2,44.1,50.0,8.11,194.8,23.55,242.55
Tomato,Zaid,14.1,129.2,29.8,51.2,34.5,74.2,6.93,235.6,29.41,414.65
Tomato,Kharif,13.7,181.5,32.2,56.1,75.7,77.5,6.11,224.8,25.93,355.29
Tomato,Zaid,12.7,93.6,19.3,96.0,54.6,79.8,8.13,137.9,23.79,302.17
Tomato,Kharif,10.3,56.6,24.8,137.4,35.2,87.0,5.58,241.6,23.05,237.43
Tomato,Zaid,4.3,262.8,28.0,69.0,57.4,45.0,7.78,140.7,21.48,92.38
Tomato,Rabi,9.5,232.7,35.9,135.0,33.9,27.6,7.23,154.6,23.39,222.2
Tomato,Kharif,8.1,252.7,25.9,57.3,53.9,86.7,7.64,165.7,22.24,180.18
Tomato,Rabi,3.7,57.9,30.1,96.2,53.7,64.6,8.13,63.7,21.36,79.05
Tomato,Rabi,3.7,187.0,18.4,147.0,54.9,63.8,5.64,92.2,23.35,86.4
Tomato,Rabi,12.3,63.5,19.3,101.7,35.2,72.2,7.21,204.5,23.27,286.22
Tomato,Rabi,3.6,94.3,33.7,144.0,59.6,48.5,6.21,245.9,27.58,99.27
Tomato,Zaid,5.2,261.9,31.7,81.6,45.6,33.0,5.8,194.6,21.69,112.8
Tomato,Kharif,4.3,136.4,31.6,99.4,70.2,81.4,6.31,214.7,28.71,123.44
Tomato,Kharif,14.6,131.9,34.6,77.7,79.3,66.9,6.75,172.7,25.87,377.64
Tomato,Rabi,2.6,136.9,31.7,125.1,26.2,79.7,7.12,242.2,28.25,73.45
Tomato,Kharif,11.8,102.3,26.2,61.9,77.5,74.5,7.49,188.0,24.08,284.2
Tomato,Rabi,5.5,179.9,32.1,157.4,55.0,48.2,8.06,99.3,25.51,140.28
Tomato,Rabi,5.8,203.5,33.5,145.4,53.2,45.4,6.49,225.9,27.41,159.0
Tomato,Kharif,3.6,156.2,25.1,111.9,68.6,58.8,7.79,153.7,27.91,100.49
Tomato,Rabi,6.8,68.2,30.9,138.4,56.8,55.7,6.67,168.7,23.73,161.34
Tomato,Zaid,14.6,175.6,21.2,132.2,78.5,81.1,7.83,236.8,27.72,404.64
Tomato,Rabi,5.9,108.1,29.1,111.3,79.5,88.8,7.21,138.6,21.04,124.11
Tomato,Kharif,3.4,166.7,19.8,87.1,42.8,52.6,6.76,101.4,26.34,89.56
Tomato,Rabi,4.8,203.7,35.6,55.6,32.7,53.1,8.12,204.4,27.8,133.46
Tomato,Zaid,1.5,284.0,19.7,134.4,28.0,81.6,6.88,66.5,17.33,26.0
Tomato,Rabi,3.9,292.5,30.0,149.0,66.6,57.5,7.65,169.2,19.03,74.23
Tomato,Rabi,5.2,297.6,29.4,73.9,46.2,71.8,6.71,63.7,16.26,84.55
Tomato,Rabi,6.1,202.7,20.1,169.4,24.7,85.1,7.41,115.9,24.35,148.52
Tomato,Rabi,10.4,147.3,26.8,178.6,32.8,49.2,6.29,203.0,31.28,325.26
Tomato,Rabi,11.9,134.7,24.8,164.3,44.3,63.7,7.9,92.0,25.14,299.18
Tomato,Zaid,7.0,288.6,21.7,83.6,38.5,40.2,6.77,247.8,22.9,160.31
Tomato,Kharif,8.1,289.7,21.1,140.8,56.9,67.6,6.45,112.8,16.86,136.58
Tomato,Rabi,6.6,165.1,34.3,165.2,78.0,82.0,5.52,178.3,27.17,179.33
Tomato,Zaid,9.1,225.2,29.8,46.9,26.2,29.0,5.75,85.6,23.71,215.79
Tomato,Kharif,3.1,214.9,23.8,87.8,59.7,52.7,7.69,81.2,21.74,67.4
Tomato,Zaid,1.9,98.5,29.8,159.7,35.2,42.9,6.95,92.3,25.41,48.29
Tomato,Kharif,7.7,245.8,25.8,75.3,39.6,25.4,6.84,79.6,19.56,150.58
Tomato,Zaid,6.0,120.4,33.1,47.0,43.8,45.9,6.27,232.4,29.06,174.37
Tomato,Kharif,1.2,237.0,19.6,76.4,53.1,51.6,5.54,214.8,25.4,30.48
Tomato,Zaid,10.6,285.2,29.9,162.0,69.6,45.2,7.12,81.3,17.65,187.08
Tomato,Zaid,8.5,209.4,23.5,115.7,31.4,33.1,7.06,187.1,21.32,181.21
Tomato,Kharif,14.7,213.7,33.8,70.0,78.3,30.0,5.77,72.4,20.6,302.89
Tomato,Rabi,14.7,158.6,20.7,105.2,60.7,78.3,6.74,168.7,29.62,435.48
Tomato,Rabi,13.0,213.0,21.4,48.8,45.5,21.1,6.36,123.6,20.84,270.87
Tomato,Rabi,2.8,177.8,20.8,126.3,29.3,60.4,7.73,58.5,22.07,61.78
Tomato,Rabi,7.5,247.8,26.4,119.5,67.5,59.2,6.47,67.2,16.4,122.97
Tomato,Zaid,3.4,240.6,35.8,148.9,37.8,37.1,6.09,77.3,18.95,64.42
Tomato,Zaid,10.9,220.1,23.3,86.2,60.9,44.5,6.07,124.9,21.43,233.54
Tomato,Rabi,6.4,53.9,26.2,43.5,54.2,55.5,7.77,166.4,23.49,150.31
Tomato,Zaid,12.3,101.8,24.0,58.8,24.5,89.5,7.27,158.4,25.15,309.3
Tomato,Zaid,1.2,96.7,29.8,92.6,78.9,66.6,8.08,90.3,23.45,28.14
Tomato,Kharif,6.6,143.5,22.9,81.6,41.6,89.2,7.61,64.3,28.45,187.75
Tomato,Zaid,1.8,260.6,29.7,96.6,21.0,61.4,5.53,50.2,15.85,28.54
Tomato,Zaid,4.3,132.7,35.2,86.6,53.9,48.3,6.57,88.7,25.56,109.9
Tomato,Zaid,9.6,206.5,23.3,98.1,68.0,41.4,6.77,53.9,23.04,221.17
Tomato,Zaid,7.8,83.6,23.2,132.7,56.8,57.2,7.34,177.5,25.33,197.61
Tomato,Rabi,6.4,152.8,30.1,149.8,60.0,83.0,6.27,230.1,27.89,178.52
Tomato,Zaid,2.8,291.8,32.6,55.4,27.3,61.6,6.43,57.0,14.85,41.57
Tomato,Zaid,3.2,71.4,24.9,157.9,74.4,25.0,7.21,186.9,23.16,74.11
Tomato,Rabi,14.3,229.2,33.9,129.4,43.3,49.8,5.7,56.3,23.39,334.46
Tomato,Kharif,8.8,119.3,26.6,105.9,43.3,77.4,6.72,170.7,22.34,196.55
Tomato,Rabi,14.1,244.3,20.7,64.4,26.0,71.7,7.41,247.3,23.38,329.69
Tomato,Rabi,13.2,230.3,29.6,119.1,63.4,49.4,5.76,58.0,22.45,296.33
Tomato,Rabi,13.8,193.8,31.3,108.6,21.7,24.5,6.95,193.8,26.11,360.33
Tomato,Kharif,5.0,228.7,28.2,176.8,36.4,31.1,5.64,98.2,20.6,103.01
Tomato,Zaid,3.3,101.0,30.5,168.4,43.7,32.6,6.27,141.0,24.35,80.37
Tomato,Rabi,13.9,176.3,22.5,96.2,63.1,81.3,6.67,157.1,26.27,365.21
Tomato,Kharif,5.9,259.0,31.7,85.0,26.2,25.0,5.75,166.6,21.05,124.17
Tomato,Rabi,11.1,87.7,33.9,63.4,33.4,29.0,6.69,227.5,26.41,293.16
Tomato,Rabi,8.3,280.3,29.5,64.2,61.0,49.9,7.1,196.8,22.53,187.0
Tomato,Kharif,2.7,112.7,20.5,94.6,37.0,71.3,5.79,200.4,27.09,73.15
Tomato,Rabi,11.1,85.2,33.8,65.3,67.8,52.0,6.39,81.6,20.19,224.12
Tomato,Kharif,2.3,279.0,32.0,47.9,51.5,25.8,7.76,172.6,22.53,51.81
Tomato,Zaid,13.7,276.8,30.6,169.7,68.7,78.0,7.04,111.2,20.2,276.78
Tomato,Zaid,10.6,290.9,34.8,119.8,64.0,86.6,5.73,51.1,12.72,134.79
Tomato,Kharif,9.2,172.0,21.4,165.3,34.9,26.4,7.53,85.1,24.72,227.4
Tomato,Kharif,12.6,250.5,31.1,151.1,60.3,66.9,7.3,152.8,20.58,259.34
Tomato,Kharif,3.1,205.1,25.6,125.9,65.7,58.2,7.19,237.1,26.22,81.29
Tomato,Zaid,9.2,203.3,32.8,88.0,31.6,33.9,7.48,172.8,23.74,218.44
Tomato,Rabi,7.7,220.0,34.2,59.1,35.0,58.0,7.66,57.3,24.05,185.2
Tomato,Zaid,8.3,294.2,20.9,124.1,49.5,33.6,7.52,105.1,15.82,131.32
Tomato,Kharif,10.4,158.7,28.1,48.1,61.8,23.7,7.71,215.0,28.15,292.76
Tomato,Zaid,9.4,121.8,28.7,81.7,23.3,20.2,5.77,208.5,23.42,220.11
Tomato,Rabi,6.3,100.1,25.5,126.0,32.8,40.4,7.81,249.8,24.76,155.96
Tomato,Zaid,5.9,93.4,24.7,98.5,38.0,66.0,7.98,130.1,22.81,134.55
Tomato,Zaid,7.4,180.7,22.3,164.9,78.3,75.0,6.97,241.4,24.81,183.59
Tomato,Zaid,6.8,269.2,27.5,86.8,32.5,76.0,7.19,143.6,19.43,132.13
Tomato,Kharif,12.9,282.9,35.5,149.4,28.4,79.7,6.58,196.0,22.26,287.21
Tomato,Zaid,11.0,270.5,24.7,50.5,77.5,50.5,7.18,183.3,21.44,235.8
Tomato,Kharif,5.2,124.0,27.0,161.3,67.7,87.4,5.69,103.7,25.19,130.99
Tomato,Zaid,12.0,215.0,27.3,63.4,78.7,46.3,5.79,148.8,22.91,274.98
Tomato,Rabi,13.4,52.7,34.0,78.0,22.3,79.3,7.83,169.2,22.19,297.37
Tomato,Zaid,13.5,188.2,35.4,179.5,27.0,79.5,6.85,127.5,25.52,344.55
Tomato,Rabi,8.5,285.5,30.3,130.4,62.7,84.3,6.17,172.6,20.18,171.51
Tomato,Zaid,9.8,250.2,26.1,154.4,52.0,43.7,7.28,193.5,16.67,163.39
Tomato,Kharif,9.7,66.2,27.5,166.2,62.3,75.8,7.34,91.3,21.63,209.77
Tomato,Zaid,9.1,97.3,28.9,44.4,27.1,41.8,6.7,74.1,23.94,217.81
Tomato,Rabi,14.6,273.3,24.2,179.7,20.2,21.9,7.72,89.9,18.54,270.74
Tomato,Rabi,8.9,292.8,33.9,172.4,26.8,80.8,5.85,176.6,16.33,145.33
Tomato,Rabi,3.3,208.2,18.9,81.1,75.3,32.0,5.68,138.7,24.55,81.02
Tomato,Kharif,14.2,51.5,26.4,43.5,74.5,56.3,5.7,72.1,18.94,268.88
Tomato,Rabi,14.2,223.2,33.6,91.3,22.6,88.2,5.55,239.5,23.25,330.13
Tomato,Kharif,13.3,254.9,29.1,179.3,64.1,35.1,7.79,132.9,18.83,250.47
Tomato,Zaid,5.5,240.9,35.3,78.7,34.8,59.5,7.69,199.3,23.19,127.53
Tomato,Kharif,1.0,60.0,21.6,66.0,35.3,41.3,6.47,134.1,24.48,24.48
Tomato,Kharif,5.5,115.1,31.6,91.2,63.6,51.9,6.98,158.7,28.69,157.77
Tomato,Rabi,3.5,190.1,35.7,112.6,75.7,48.5,8.2,165.8,23.49,82.2
Tomato,Kharif,6.2,226.3,24.9,74.5,54.6,49.2,5.95,80.8,23.13,143.41
Tomato,Kharif,9.5,190.1,34.5,134.4,44.2,80.4,5.99,158.8,22.1,209.98
Tomato,Zaid,9.8,254.2,29.8,157.5,76.7,39.1,5.96,146.8,21.89,214.53
Tomato,Zaid,6.0,74.8,31.6,123.5,36.5,37.7,8.13,222.5,22.86,137.15
Tomato,Rabi,13.7,299.4,21.0,47.6,39.8,52.3,6.05,110.3,15.61,213.87
Tomato,Rabi,8.9,258.9,18.3,152.3,76.8,22.2,5.62,118.9,21.85,194.47
Tomato,Rabi,7.1,195.4,27.4,86.3,52.5,87.1,6.06,181.0,26.11,185.38
Tomato,Rabi,8.0,140.4,21.1,161.4,43.7,84.7,7.79,125.3,26.82,214.55
Tomato,Kharif,1.4,115.8,30.8,134.9,41.2,76.6,6.14,142.3,23.68,33.15
Tomato,Kharif,2.3,78.1,31.1,172.2,56.6,70.1,7.56,102.6,19.13,43.99
Tomato,Rabi,7.1,70.7,19.8,105.8,51.8,38.5,7.24,190.7,24.77,175.9
Tomato,Zaid,2.4,129.7,18.9,95.4,31.3,59.3,7.37,156.4,30.33,72.8
Tomato,Rabi,12.7,231.5,32.2,80.4,43.2,63.9,6.99,242.2,23.63,300.07
Tomato,Zaid,8.1,262.3,22.2,170.9,77.3,87.1,7.76,122.8,19.24,155.88
Tomato,Kharif,9.0,189.7,33.3,179.4,50.5,44.2,6.0,51.0,22.2,199.8
Tomato,Kharif,8.0,107.9,27.8,70.8,59.0,83.3,5.73,93.3,22.4,179.2
Tomato,Kharif,3.7,281.6,18.6,104.8,38.8,66.6,7.77,122.1,17.82,65.94
Tomato,Kharif,4.3,153.0,30.9,55.3,36.2,23.3,6.67,215.5,30.57,131.45
Tomato,Rabi,3.9,158.3,29.6,78.1,43.0,71.4,8.03,155.8,27.96,109.05
Tomato,Zaid,11.2,218.6,24.0,63.8,54.8,53.9,7.47,138.3,21.25,237.95
Tomato,Zaid,5.1,102.9,22.8,53.3,40.8,22.6,6.0,199.4,24.49,124.9
Tomato,Kharif,5.0,112.1,30.3,66.1,52.6,89.0,6.67,178.4,24.73,123.63
Tomato,Kharif,2.9,154.7,33.3,170.5,56.1,30.0,7.93,84.9,26.03,75.49
Tomato,Zaid,4.3,189.4,35.2,163.1,44.3,40.4,6.13,156.5,23.95,102.98
Tomato,Kharif,8.7,50.3,23.8,70.8,78.3,70.9,6.44,68.6,21.61,188.02
Tomato,Kharif,13.4,108.7,22.7,138.6,30.6,52.5,5.55,78.2,25.17,337.29
Tomato,Kharif,3.6,209.1,27.0,54.5,31.9,53.6,7.9,163.3,25.45,91.61
Tomato,Kharif,14.0,136.9,23.9,120.0,34.7,65.6,7.75,141.9,24.42,341.86
Tomato,Kharif,5.4,177.5,33.5,98.3,64.6,79.9,6.34,128.6,24.1,130.17
Tomato,Rabi,1.8,252.5,35.7,155.4,53.3,40.7,6.03,122.8,17.6,31.68
Tomato,Zaid,13.6,115.2,33.6,130.2,21.2,70.7,5.6,249.5,25.56,347.62
Tomato,Kharif,6.3,139.0,24.7,84.6,57.3,31.5,7.78,212.5,26.78,168.72
Chilli,Rabi,9.2,184.3,32.1,117.8,71.4,36.3,7.68,85.9,3.04,27.95
Chilli,Zaid,2.2,90.2,31.2,100.4,46.8,41.6,7.14,87.0,2.72,5.98
Chilli,Kharif,10.2,233.4,24.6,96.6,53.2,85.7,7.45,160.2,2.45,24.97
Chilli,Zaid,1.1,297.0,29.9,91.2,48.2,38.7,6.43,179.8,2.08,2.29
Chilli,Kharif,13.5,138.6,35.1,129.2,67.3,69.0,6.06,64.3,2.96,39.99
Chilli,Zaid,14.1,105.0,33.1,136.6,72.2,75.8,6.44,204.9,3.09,43.63
Chilli,Rabi,10.6,190.1,21.7,166.4,36.6,49.5,6.05,127.6,3.04,32.22
Chilli,Zaid,6.5,232.4,21.7,92.8,20.5,73.1,7.19,213.6,2.55,16.55
Chilli,Zaid,12.6,97.1,32.1,123.5,73.6,32.0,6.64,216.6,3.26,41.13
Chilli,Kharif,5.1,198.7,18.5,49.1,64.0,42.5,6.44,91.7,3.21,16.35
Chilli,Rabi,5.2,181.8,26.4,180.0,43.3,47.1,6.86,88.1,3.02,15.7
Chilli,Rabi,10.7,52.0,29.1,53.1,66.9,89.4,6.93,186.6,2.47,26.4
Chilli,Rabi,8.0,286.1,26.0,132.6,61.3,81.0,5.59,130.9,2.04,16.32
Chilli,Zaid,10.9,106.5,29.8,63.0,23.4,28.5,8.01,160.4,2.74,29.9
Chilli,Zaid,10.6,130.1,21.6,159.6,31.7,31.3,6.06,151.8,3.22,34.14
Chilli,Rabi,4.6,117.5,25.4,74.1,27.8,80.0,7.01,222.3,3.13,14.41
Chilli,Rabi,13.2,64.9,23.7,178.8,45.3,29.2,8.12,246.8,2.61,34.46
Chilli,Zaid,12.2,258.6,23.5,105.7,72.4,23.7,7.9,93.8,1.96,23.88
Chilli,Rabi,11.0,82.8,34.9,166.0,40.9,27.8,7.4,195.7,2.7,29.71
Chilli,Zaid,3.6,239.7,19.6,112.1,23.8,44.9,7.12,161.2,2.78,10.0
Chilli,Zaid,12.4,288.5,22.1,75.4,76.4,47.7,7.44,172.5,2.65,32.86
Chilli,Rabi,11.9,128.7,26.7,175.6,60.3,30.8,5.86,90.9,3.25,38.65
Chilli,Rabi,14.6,139.7,25.3,166.8,29.6,22.0,7.95,214.3,3.38,49.28
Chilli,Kharif,9.5,139.8,19.0,129.6,54.2,27.9,7.95,89.8,2.84,26.97
Chilli,Kharif,3.1,144.5,30.3,72.0,45.4,59.0,7.9,115.2,2.81,8.7
Chilli,Zaid,2.6,85.2,33.4,122.4,72.4,75.3,7.32,171.9,2.61,6.79
Chilli,Zaid,6.8,189.9,18.4,171.1,74.2,58.0,7.06,191.0,3.31,22.53
Chilli,Rabi,8.2,168.9,29.6,118.0,58.6,62.9,7.44,178.6,3.33,27.31
Chilli,Kharif,10.4,292.1,20.6,162.2,37.1,61.4,6.98,161.4,1.79,18.62
Chilli,Kharif,12.9,105.0,21.2,42.2,32.6,56.3,6.95,100.9,2.54,32.7
Chilli,Rabi,13.5,265.4,21.0,43.6,25.4,40.1,8.13,161.7,2.2,29.75
Chilli,Kharif,13.4,170.5,30.6,47.3,52.1,41.1,6.27,127.9,3.03,40.56
Chilli,Zaid,7.5,171.6,33.5,102.8,41.8,89.6,7.04,144.5,3.01,22.59
Chilli,Zaid,4.2,82.3,35.0,139.7,64.5,55.0,6.78,72.0,2.54,10.65
Chilli,Zaid,13.5,294.8,26.9,171.2,20.1,82.6,6.34,112.3,2.04,27.59
Chilli,Rabi,12.0,128.6,19.5,105.0,64.9,35.5,6.09,239.4,3.0,35.98
Chilli,Kharif,6.8,104.8,31.0,128.4,26.0,84.8,7.01,100.0,2.57,17.45
Chilli,Zaid,13.7,257.0,20.9,162.0,36.3,25.7,7.27,180.8,2.54,34.8
Chilli,Kharif,5.5,298.2,30.2,142.2,32.8,25.5,6.25,99.8,1.77,9.73
Chilli,Kharif,14.4,69.1,19.7,109.3,69.2,74.2,8.03,78.3,2.32,33.43
Chilli,Rabi,12.1,172.5,19.6,122.9,65.5,33.4,7.03,212.8,3.03,36.72
Chilli,Rabi,4.7,134.5,19.9,137.6,32.4,84.8,6.08,101.1,2.8,13.18
Chilli,Kharif,4.9,115.6,22.0,139.3,25.1,71.9,7.37,100.2,3.08,15.09
Chilli,Rabi,13.3,263.0,35.4,121.4,74.5,76.6,7.92,52.3,2.24,29.84
Chilli,Zaid,1.5,199.2,25.0,164.6,38.1,50.2,6.93,104.6,2.23,3.34
Chilli,Kharif,12.9,128.0,32.7,57.1,31.0,86.6,7.77,127.6,2.76,35.57
Chilli,Zaid,14.2,103.0,19.1,115.2,28.6,33.1,7.91,51.5,2.68,38.07
Chilli,Zaid,14.9,148.9,29.2,174.8,69.9,52.4,7.49,75.6,2.84,42.37
Chilli,Zaid,14.7,144.5,18.5,141.8,69.9,28.8,5.87,214.4,3.4,50.03
Chilli,Zaid,14.8,74.1,23.1,161.7,24.3,81.3,6.92,131.7,2.35,34.83
Chilli,Zaid,11.5,278.4,33.0,75.5,39.9,55.0,5.54,230.8,2.48,28.55
Chilli,Zaid,8.2,213.6,27.5,72.1,32.1,83.5,6.21,106.2,2.24,18.36
Chilli,Rabi,7.8,166.5,29.8,54.5,35.2,84.3,7.31,52.7,2.82,21.98
Chilli,Rabi,4.5,220.8,31.0,165.4,65.6,23.4,6.5,104.6,2.48,11.15
Chilli,Zaid,2.7,113.7,32.6,126.6,70.3,56.1,6.52,234.4,3.06,8.27
Chilli,Kharif,12.9,84.8,28.4,164.3,48.4,72.3,7.67,197.3,2.91,37.58
Chilli,Zaid,14.1,103.3,19.9,88.1,64.8,63.8,6.62,243.0,2.72,38.4
Chilli,Rabi,13.5,67.5,35.6,126.3,31.0,67.5,7.56,135.9,2.75,37.13
Chilli,Rabi,11.9,110.8,35.1,90.0,59.1,72.0,5.56,241.8,3.32,39.56
Chilli,Kharif,15.0,238.3,35.5,150.2,77.8,69.5,5.72,130.4,2.48,37.23
Chilli,Zaid,6.1,176.6,24.5,149.7,78.5,60.9,6.7,94.6,2.57,15.69
Chilli,Zaid,8.6,241.3,34.1,150.6,31.7,62.0,6.4,51.8,2.29,19.72
Chilli,Rabi,2.4,149.2,19.9,157.2,53.0,68.4,7.34,218.3,3.58,8.59
Chilli,Rabi,1.4,100.4,22.8,50.2,41.3,21.9,6.99,92.3,3.05,4.27
Chilli,Zaid,8.0,117.3,28.8,68.2,24.5,21.5,8.07,194.9,3.25,26.0
Chilli,Kharif,5.7,76.0,28.3,120.7,77.1,51.0,7.37,165.0,2.88,16.39
Chilli,Zaid,5.9,104.2,28.5,88.7,59.4,21.1,5.67,69.9,2.49,14.68
Chilli,Rabi,3.7,130.2,25.5,123.2,71.8,31.1,5.54,139.8,3.03,11.21
Chilli,Rabi,3.1,206.7,19.3,66.6,40.3,25.5,6.02,232.3,2.73,8.47
Chilli,Zaid,5.6,187.2,21.6,42.8,53.7,52.6,7.27,79.3,2.92,16.34
Chilli,Kharif,11.8,291.5,27.3,106.3,65.3,81.6,8.1,114.9,2.06,24.34
Chilli,Rabi,3.5,136.8,34.8,60.5,57.9,61.5,5.83,115.2,2.73,9.56
Chilli,Kharif,3.6,250.2,35.5,70.1,31.2,51.8,7.52,106.3,2.37,8.52
Chilli,Kharif,5.4,81.6,26.7,113.5,62.1,87.9,6.67,131.2,2.9,15.63
Chilli,Rabi,11.3,122.6,23.5,149.6,37.8,59.4,6.17,213.4,3.14,35.45
Chilli,Kharif,6.9,76.5,34.9,46.2,65.0,25.0,6.76,85.1,2.1,14.46
Chilli,Kharif,10.3,142.8,29.6,89.9,60.4,71.0,7.36,72.8,3.28,33.75
Chilli,Zaid,8.3,121.4,22.5,146.3,27.1,45.9,5.91,101.6,2.86,23.71
Chilli,Rabi,5.9,226.3,27.7,105.7,50.7,64.5,7.28,107.8,2.67,15.74
Chilli,Zaid,1.1,111.9,19.9,147.7,39.2,78.8,7.75,183.6,2.99,3.28
Chilli,Rabi,1.2,76.8,19.7,139.8,24.2,54.7,6.78,112.1,2.37,2.84
Chilli,Kharif,2.8,253.9,34.5,148.9,78.6,35.1,5.88,154.1,2.32,6.49
Chilli,Zaid,2.1,114.5,19.7,84.1,72.5,44.3,7.02,136.7,2.9,6.09
Chilli,Zaid,7.5,227.1,19.6,130.3,57.0,36.4,6.96,94.4,2.26,16.92
Chilli,Kharif,13.4,241.7,32.6,153.9,58.6,52.1,7.83,235.2,2.68,35.88
Chilli,Rabi,2.9,191.3,29.3,160.1,53.1,48.7,7.76,246.2,3.32,9.64
Chilli,Zaid,8.3,184.9,27.3,41.2,20.1,26.8,5.77,191.0,2.83,23.46
Chilli,Rabi,11.7,195.7,20.7,157.3,73.0,52.6,6.06,239.5,2.81,32.84
Chilli,Zaid,7.1,239.7,19.8,45.6,65.2,49.8,8.19,69.5,2.56,18.17
Chilli,Zaid,14.4,124.9,23.2,151.9,36.7,78.2,5.76,72.3,2.32,33.45
Chilli,Rabi,8.6,229.7,22.1,63.3,70.1,45.1,6.73,55.6,2.49,21.45
Chilli,Zaid,10.8,223.0,27.1,115.4,64.6,37.3,6.13,240.0,2.95,31.82
Chilli,Zaid,10.7,216.9,26.1,136.5,24.2,80.2,7.6,99.0,2.33,24.96
Chilli,Rabi,2.0,106.3,27.6,137.4,66.4,23.0,6.66,74.4,2.59,5.18
Chilli,Kharif,3.5,168.9,29.8,60.4,31.1,34.3,6.14,95.3,3.13,10.95
Chilli,Kharif,11.1,54.9,30.4,170.8,62.8,22.6,6.52,211.9,3.11,34.53
Chilli,Zaid,9.8,195.6,35.8,164.2,44.7,46.0,6.3,80.5,2.92,28.66
Chilli,Zaid,7.2,272.1,32.6,150.0,47.5,22.6,6.83,229.7,2.56,18.41
Chilli,Zaid,3.0,286.3,35.8,46.3,29.0,49.6,6.0,122.8,2.21,6.64
Chilli,Kharif,2.3,63.9,32.4,76.3,54.9,51.1,5.56,58.1,2.45,5.64
Chilli,Zaid,12.1,214.9,33.4,50.6,47.8,89.2,7.58,242.4,2.81,33.99
Chilli,Rabi,2.3,246.2,26.2,108.9,31.2,66.3,6.99,91.3,2.52,5.81
Chilli,Zaid,12.6,259.1,32.7,130.3,42.0,41.3,5.52,216.7,2.52,31.71
Chilli,Kharif,4.4,211.5,23.5,165.8,55.6,34.5,6.21,136.5,2.7,11.89
Chilli,Kharif,2.1,220.0,25.3,141.7,26.6,62.7,6.7,61.6,2.63,5.52
Chilli,Kharif,2.9,121.9,26.9,128.7,31.0,20.6,6.43,146.6,3.39,9.85
Chilli,Zaid,7.9,134.6,26.2,88.6,57.7,23.0,5.96,136.6,2.8,22.14
Chilli,Zaid,5.5,156.1,20.6,156.4,40.9,48.0,7.91,149.3,3.42,18.81
Chilli,Kharif,3.4,86.0,27.1,129.4,30.3,80.2,6.94,132.2,2.73,9.28
Chilli,Zaid,11.8,292.3,31.9,74.1,22.4,89.0,6.42,112.4,1.9,22.44
Chilli,Kharif,13.9,58.9,31.8,133.9,23.0,58.1,6.89,188.3,2.4,33.4
Chilli,Rabi,2.1,190.4,18.2,97.7,24.4,48.4,5.61,217.0,2.93,6.14
Chilli,Zaid,4.4,96.7,24.4,73.0,34.7,63.2,6.36,185.4,2.48,10.9
Chilli,Zaid,7.3,237.1,34.2,47.0,51.4,22.3,6.76,227.1,2.55,18.59
Chilli,Kharif,1.4,297.5,23.8,158.0,30.8,24.4,6.52,221.8,1.97,2.76
Chilli,Kharif,6.2,167.3,25.7,112.1,54.9,52.6,7.39,193.7,3.42,21.2
Chilli,Kharif,14.8,65.0,26.8,148.4,29.1,62.8,6.15,223.5,2.74,40.61
Chilli,Zaid,4.9,168.2,33.2,87.0,51.5,67.6,7.54,84.8,3.03,14.82
Chilli,Rabi,5.3,81.6,31.7,159.1,35.4,48.5,6.85,156.7,2.49,13.2
Chilli,Kharif,12.9,239.7,28.8,88.6,31.2,44.3,7.34,102.6,1.94,24.99
Chilli,Kharif,6.8,96.0,34.9,114.5,71.1,43.9,6.41,247.1,2.95,20.03
Chilli,Kharif,7.7,60.6,26.3,98.7,66.8,44.8,8.15,86.2,2.27,17.44
Chilli,Zaid,2.9,261.9,28.7,170.4,72.6,67.4,7.28,92.6,2.13,6.18
Chilli,Rabi,4.8,242.0,33.4,149.0,57.9,56.0,7.41,128.2,2.39,11.47
Chilli,Kharif,7.8,259.4,22.0,89.2,21.2,88.4,5.68,229.6,2.44,19.03
Chilli,Rabi,6.2,272.2,26.4,112.3,40.0,39.4,7.27,74.0,2.25,13.92
Chilli,Rabi,11.9,97.7,30.5,124.4,31.1,39.1,6.6,189.8,2.74,32.66
Chilli,Kharif,13.4,287.6,30.9,109.0,58.4,49.0,6.31,240.1,2.0,26.74
Chilli,Rabi,6.2,224.4,26.6,157.1,60.7,67.9,6.09,246.8,2.83,17.52
Chilli,Kharif,6.7,92.6,21.6,168.6,71.5,33.9,7.86,91.8,2.26,15.17
Chilli,Rabi,12.1,92.7,18.7,66.0,65.9,48.4,7.86,154.9,2.54,30.73
Chilli,Rabi,8.8,283.2,23.5,46.8,60.5,75.1,8.09,81.6,2.24,19.7
Chilli,Rabi,12.3,214.4,21.5,82.4,27.9,46.8,6.05,178.8,3.14,38.62
Chilli,Zaid,6.2,138.1,30.0,94.4,35.3,47.9,7.68,243.3,3.7,22.93
Chilli,Zaid,1.7,187.6,23.5,114.7,28.1,85.3,7.92,88.0,2.81,4.77
Chilli,Rabi,5.8,143.0,29.0,78.4,61.9,30.7,5.79,157.0,3.17,18.4
Chilli,Rabi,14.6,81.3,20.9,134.7,52.5,21.3,5.67,227.6,2.82,41.1
Chilli,Zaid,5.7,214.0,34.7,74.7,71.3,84.4,7.94,240.4,2.73,15.59
Chilli,Kharif,6.7,172.9,33.7,82.2,29.6,29.9,7.73,202.3,3.19,21.34
Chilli,Rabi,13.4,54.3,25.3,169.7,41.2,52.1,8.15,89.9,2.24,30.04
Chilli,Kharif,4.1,184.3,35.0,97.4,60.8,88.5,7.74,181.8,3.25,13.34
Chilli,Rabi,13.5,289.1,33.8,121.2,46.7,74.2,7.5,157.6,2.1,28.37
Chilli,Kharif,8.5,127.2,26.2,140.0,44.1,33.2,6.96,95.1,2.82,23.94
Chilli,Kharif,11.2,291.4,32.6,171.6,28.4,25.0,7.01,108.1,1.76,19.67
Chilli,Rabi,2.8,135.8,30.2,53.7,27.6,24.3,8.19,127.4,3.05,8.53
Chilli,Kharif,5.7,50.3,23.5,79.0,43.6,29.2,6.87,188.5,2.43,13.82
Chilli,Rabi,12.3,163.0,27.3,153.5,45.7,69.1,6.67,133.5,3.16,38.86
Chilli,Zaid,13.4,216.4,29.7,74.5,43.7,67.8,7.91,113.1,2.92,39.19
Chilli,Kharif,9.3,149.9,33.0,142.2,65.0,33.7,6.76,222.4,3.34,31.1
Chilli,Kharif,13.1,103.2,25.0,84.5,29.1,40.3,6.13,234.7,2.78,36.41
Soybean,Zaid,6.8,81.0,25.6,67.2,44.9,46.9,7.49,204.8,2.04,13.9
Soybean,Rabi,1.2,233.1,28.7,88.2,36.9,25.2,8.04,148.8,2.1,2.51
Soybean,Zaid,7.1,68.8,35.0,168.9,61.1,52.8,5.75,208.1,1.94,13.76
Soybean,Rabi,6.5,196.6,34.5,95.2,24.1,44.4,6.01,180.4,2.04,13.23
Soybean,Zaid,5.1,186.3,23.0,117.1,26.9,86.0,6.29,234.6,2.22,11.31
Soybean,Rabi,11.9,140.9,31.2,111.8,64.3,83.5,7.99,157.0,2.34,27.79
Soybean,Rabi,9.0,54.6,22.5,72.1,35.0,57.5,7.07,231.8,1.89,16.98
Soybean,Zaid,14.2,243.3,33.1,91.4,65.6,54.0,6.04,74.9,1.7,24.13
Soybean,Zaid,11.1,270.9,34.5,111.6,57.7,49.3,6.63,57.7,1.43,15.86
Soybean,Zaid,13.2,133.1,20.4,153.6,60.4,36.9,6.95,130.4,2.54,33.56
Soybean,Zaid,2.5,146.2,32.0,100.4,39.9,48.8,7.13,250.0,2.72,6.81
Soybean,Rabi,5.9,271.9,29.5,159.3,41.7,30.2,6.4,141.1,1.8,10.64
Soybean,Kharif,14.9,143.6,31.7,103.4,67.6,73.8,7.3,221.0,2.93,43.69
Soybean,Rabi,3.8,186.7,35.9,119.2,22.7,75.8,6.57,80.7,1.88,7.14
Soybean,Kharif,11.5,190.7,19.5,66.0,33.2,38.1,7.03,150.8,2.25,25.88
Soybean,Rabi,14.9,116.3,19.1,44.5,62.6,78.1,7.21,231.0,2.57,38.36
Soybean,Rabi,4.8,258.0,19.5,148.2,26.0,81.7,6.32,180.9,2.02,9.71
Soybean,Zaid,14.3,60.3,34.5,125.3,68.4,46.9,6.77,223.8,1.8,25.71
Soybean,Zaid,14.6,125.6,30.5,41.2,31.3,68.2,5.68,143.7,2.25,32.78
Soybean,Rabi,13.2,244.0,19.5,164.6,48.3,72.1,5.88,184.1,1.57,20.71
Soybean,Rabi,7.1,54.2,20.7,52.9,34.4,27.0,7.37,55.8,1.34,9.55
Soybean,Rabi,6.3,175.8,19.4,135.5,41.1,35.7,6.25,86.1,2.1,13.24
Soybean,Rabi,2.1,148.2,30.1,105.8,43.0,28.3,6.16,70.0,2.55,5.36
Soybean,Kharif,9.5,141.4,19.4,131.7,49.3,29.6,8.03,241.1,2.31,21.96
Soybean,Rabi,10.4,56.7,26.4,48.1,31.2,59.2,7.84,226.6,1.96,20.43
Soybean,Kharif,8.8,161.5,19.3,107.9,48.1,38.3,7.99,133.6,2.15,18.92
Soybean,Kharif,13.5,64.3,28.7,119.7,22.1,55.9,7.15,88.3,1.86,25.16
Soybean,Rabi,3.9,227.9,31.4,109.7,73.9,87.6,6.48,180.2,2.02,7.87
Soybean,Zaid,1.4,118.4,22.8,154.7,62.6,88.7,7.42,133.7,2.03,2.85
Soybean,Kharif,1.5,64.9,24.7,50.9,55.8,65.3,6.51,198.6,2.09,3.14
Soybean,Rabi,10.5,111.9,28.8,76.1,40.0,50.9,6.93,139.9,2.16,22.63
Soybean,Zaid,11.5,144.4,33.6,94.2,41.0,89.9,6.8,211.0,2.35,26.99
Soybean,Zaid,14.0,71.2,22.9,147.5,53.8,59.2,5.95,106.2,1.82,25.51
Soybean,Rabi,10.4,155.9,27.2,70.0,53.1,88.5,5.7,106.8,2.29,23.83
Soybean,Rabi,12.5,246.2,34.0,118.8,41.1,62.4,5.74,51.9,1.48,18.48
Soybean,Zaid,7.8,150.3,32.3,146.9,28.0,26.2,7.95,157.1,2.39,18.61
Soybean,Rabi,13.3,120.8,32.5,69.3,37.6,33.5,6.21,217.0,2.43,32.28
Soybean,Zaid,7.5,292.4,21.5,166.6,20.8,58.2,6.64,155.0,1.55,11.63
Soybean,Kharif,13.8,165.9,19.9,104.1,42.5,60.4,6.68,53.5,2.33,32.18
Soybean,Zaid,13.8,228.2,25.6,49.2,68.6,86.7,6.48,80.4,1.76,24.34
Soybean,Zaid,8.2,99.2,31.6,129.8,75.4,74.8,5.99,210.0,2.22,18.19
Soybean,Rabi,10.2,259.6,34.9,84.4,29.3,25.2,7.49,209.0,1.68,17.13
Soybean,Zaid,1.0,202.1,24.5,145.3,42.5,54.0,6.6,180.1,2.07,2.07
Soybean,Kharif,9.6,143.8,25.1,115.6,25.2,71.7,6.58,146.1,2.24,21.49
Soybean,Rabi,15.0,137.1,33.0,137.7,61.5,42.8,7.62,230.1,2.48,37.27
Soybean,Rabi,12.6,129.6,29.4,177.7,72.6,31.2,6.98,119.7,2.28,28.7
Soybean,Zaid,12.9,66.9,35.9,137.8,29.7,20.9,5.96,217.6,2.01,25.97
Soybean,Rabi,6.7,171.3,30.0,91.8,32.8,81.9,8.15,54.0,2.05,13.7
Soybean,Rabi,3.4,294.1,26.8,48.1,76.2,61.0,7.39,155.0,1.26,4.29
Soybean,Rabi,5.7,134.3,18.6,61.3,28.5,89.2,5.56,83.4,2.05,11.68
Soybean,Kharif,4.2,205.5,18.2,108.4,58.7,84.3,6.53,203.0,2.26,9.49
Soybean,Zaid,8.2,183.3,26.6,134.3,54.3,89.1,7.73,102.9,1.93,15.86
Soybean,Kharif,7.3,51.0,25.2,66.2,57.5,67.6,6.82,58.1,1.46,10.68
Soybean,Kharif,14.0,104.4,30.5,139.0,75.3,69.9,7.08,230.5,2.01,28.12
Soybean,Zaid,4.2,112.9,26.4,165.7,29.0,77.8,6.29,211.7,2.16,9.09
Soybean,Kharif,6.6,246.4,26.8,70.3,27.0,54.9,7.64,180.6,1.77,11.66
Soybean,Rabi,7.1,263.8,21.2,114.5,41.4,28.7,5.63,161.2,1.91,13.53
Soybean,Rabi,3.1,150.1,26.7,89.8,39.3,68.0,6.08,191.9,2.62,8.14
Soybean,Kharif,3.3,69.1,30.0,167.7,47.6,22.9,7.88,63.4,1.68,5.54
Soybean,Zaid,12.2,58.7,30.6,43.2,71.7,31.0,6.89,169.4,1.88,22.96
Soybean,Rabi,5.8,167.0,23.6,101.3,41.5,59.6,6.14,247.7,2.41,13.97
Soybean,Rabi,4.2,279.9,30.7,147.6,42.6,83.6,7.63,200.1,1.61,6.78
Soybean,Rabi,13.6,207.5,31.3,157.1,23.3,74.3,7.16,63.9,1.93,26.3
Soybean,Rabi,5.8,146.9,30.1,108.4,25.4,47.1,5.76,88.2,2.25,13.05
Soybean,Rabi,3.5,132.6,27.7,168.7,52.4,69.4,6.47,200.3,2.59,9.08
Soybean,Rabi,6.7,56.6,19.0,159.9,77.6,68.2,6.48,237.7,1.93,12.91
Soybean,Zaid,6.1,211.9,22.2,118.2,67.2,80.7,5.78,121.3,1.95,11.89
Soybean,Rabi,2.2,64.2,24.7,104.9,56.5,20.5,8.17,122.8,2.12,4.65
Soybean,Kharif,13.7,247.5,22.1,94.9,36.1,88.9,7.81,236.0,1.75,23.97
Soybean,Zaid,3.9,87.9,27.8,168.8,79.5,40.1,7.38,169.4,2.04,7.97
Soybean,Zaid,11.4,217.7,29.6,74.1,21.3,76.6,6.83,111.4,1.92,21.91
Soybean,Zaid,11.8,167.6,23.3,143.5,67.9,34.2,6.32,149.0,2.41,28.41
Soybean,Zaid,4.0,116.8,22.2,112.1,39.3,30.8,6.72,224.8,2.34,9.35
Soybean,Kharif,10.2,289.9,19.8,107.5,23.0,55.0,6.18,232.2,1.82,18.6
Soybean,Zaid,3.9,187.7,20.0,80.4,32.5,47.8,5.8,56.4,1.98,7.74
Soybean,Zaid,1.1,203.8,25.7,57.8,37.8,59.9,7.27,142.5,1.98,2.18
Soybean,Zaid,14.5,198.5,32.4,77.0,32.6,74.9,7.35,186.2,2.32,33.57
Soybean,Rabi,15.0,295.1,27.7,103.7,47.7,50.0,6.93,104.7,1.76,26.41
Soybean,Kharif,12.3,232.8,26.3,85.4,56.5,81.3,7.89,71.7,1.78,21.89
Soybean,Kharif,3.7,265.3,22.6,128.7,29.9,48.3,7.93,83.2,1.47,5.43
Soybean,Kharif,3.9,153.9,27.7,120.8,56.2,64.8,6.23,130.3,2.46,9.61
Soybean,Zaid,4.4,232.3,22.5,95.3,79.0,37.1,6.52,110.2,1.74,7.67
Soybean,Rabi,9.4,229.3,26.1,162.3,51.0,30.1,7.18,142.4,2.15,20.25
Soybean,Zaid,3.8,254.8,34.4,153.8,38.3,61.1,7.97,114.1,1.87,7.11
Soybean,Rabi,9.3,90.6,35.7,105.0,55.8,31.2,6.28,172.9,2.18,20.26
Soybean,Zaid,8.4,70.8,23.1,112.9,71.1,69.5,7.18,149.2,1.79,15.06
Soybean,Zaid,10.8,68.2,34.9,104.2,76.3,27.5,8.06,71.8,1.67,18.04
Soybean,Rabi,14.2,74.8,33.4,40.0,72.9,21.4,7.55,122.3,1.93,27.38
Soybean,Zaid,10.6,226.8,22.2,163.3,52.3,80.0,6.23,201.1,1.84,19.49
Soybean,Zaid,11.6,246.1,34.6,92.7,50.4,45.4,6.19,200.2,1.84,21.34
Soybean,Kharif,14.3,137.2,21.2,115.6,62.3,67.5,7.15,79.2,2.19,31.26
Soybean,Zaid,12.6,128.3,24.9,167.3,70.2,66.6,6.22,73.4,2.05,25.83
Soybean,Kharif,2.5,123.1,27.9,49.0,28.2,32.7,7.21,173.2,2.17,5.43
Soybean,Rabi,11.8,62.0,30.9,167.5,40.8,27.1,6.13,162.5,1.89,22.31
Soybean,Rabi,15.0,74.7,30.3,75.4,43.5,65.2,6.68,100.1,1.96,29.35
Soybean,Kharif,8.7,121.3,34.8,136.7,33.2,63.0,7.85,189.2,2.27,19.71
Soybean,Zaid,2.7,173.5,23.0,119.6,47.1,50.4,5.8,78.2,2.05,5.54
Soybean,Kharif,9.2,233.1,24.2,133.0,74.0,70.9,7.42,126.4,1.74,15.97
Soybean,Rabi,1.9,98.1,19.2,161.5,67.6,60.2,5.73,104.7,2.24,4.25
Soybean,Kharif,3.5,92.4,33.5,109.7,34.8,68.2,7.91,176.5,2.19,7.66
Soybean,Zaid,7.9,285.4,34.1,120.7,76.0,42.6,6.49,59.1,1.51,11.91
Soybean,Kharif,8.8,173.5,25.4,75.3,44.0,29.7,5.81,110.0,1.93,16.96
Soybean,Rabi,1.3,173.6,19.5,177.9,55.3,38.0,7.02,65.4,1.91,2.49
Soybean,Kharif,1.5,212.9,27.6,104.3,74.5,31.8,5.53,64.7,1.71,2.56
Soybean,Zaid,13.4,249.3,24.9,80.3,37.1,44.4,6.83,133.3,1.9,25.49
Soybean,Kharif,1.5,175.1,33.4,122.3,36.6,47.8,7.34,228.2,2.42,3.63
Soybean,Zaid,2.9,295.5,24.7,127.6,49.4,30.0,5.65,175.2,1.47,4.27
Soybean,Kharif,14.1,238.9,32.2,54.7,70.2,48.6,6.21,165.2,1.79,25.23
Soybean,Kharif,9.7,204.9,18.7,80.7,44.8,58.5,6.3,107.5,1.95,18.88
Soybean,Kharif,6.2,59.8,23.9,164.4,21.5,48.4,5.58,124.2,1.96,12.13
Soybean,Rabi,4.5,269.4,25.8,78.3,55.4,29.9,6.2,159.2,1.67,7.52
Soybean,Kharif,4.9,101.0,35.0,51.8,32.7,25.7,8.15,233.7,2.24,10.98
Soybean,Zaid,12.1,193.5,22.8,133.5,41.7,58.1,6.82,126.2,2.18,26.36
Soybean,Kharif,6.4,58.6,25.2,168.7,37.6,42.6,5.68,173.0,1.68,10.75
Soybean,Rabi,10.2,267.5,34.1,130.1,51.5,43.2,8.15,113.9,2.0,20.38
Soybean,Zaid,2.0,178.0,32.8,172.6,26.4,64.2,7.03,228.1,2.76,5.53
Soybean,Zaid,13.7,51.1,18.0,106.1,21.8,88.2,6.1,144.5,1.72,23.5
Soybean,Rabi,13.0,202.1,30.1,80.8,47.4,48.9,6.14,216.5,2.38,30.94
Soybean,Rabi,14.9,292.1,26.8,137.5,26.6,50.9,7.68,151.1,1.41,20.98
Soybean,Zaid,4.6,111.8,35.3,49.5,45.7,81.0,7.58,214.5,2.37,10.92
Soybean,Zaid,6.4,127.4,18.6,61.0,53.7,31.0,7.49,57.4,2.32,14.86
Soybean,Rabi,11.6,181.4,29.2,146.1,70.5,73.3,6.46,249.3,2.47,28.71
Soybean,Rabi,6.1,255.1,24.8,157.6,77.9,50.5,7.01,175.7,1.81,11.02
Soybean,Rabi,9.0,291.2,33.8,162.6,30.6,38.5,5.71,205.7,1.61,14.5
Soybean,Rabi,6.1,81.3,20.6,164.7,79.3,40.2,5.89,146.4,2.07,12.6
Soybean,Zaid,4.9,198.8,30.4,95.0,72.8,88.6,6.83,128.1,2.1,10.31
Soybean,Rabi,12.9,211.4,18.8,115.9,21.0,74.5,6.39,144.4,1.83,23.56
Soybean,Kharif,5.7,299.5,32.9,163.7,76.2,43.9,6.3,96.8,1.36,7.77
Soybean,Rabi,10.5,109.0,24.8,110.9,51.7,82.2,6.53,231.7,2.39,25.07
Soybean,Zaid,5.1,293.5,26.1,55.6,61.1,41.4,5.9,134.6,1.38,7.04
Soybean,Zaid,7.3,98.1,34.1,175.0,48.7,27.3,7.62,189.4,2.47,18.04
Soybean,Zaid,5.2,196.1,25.9,82.3,24.0,37.7,6.03,158.4,2.41,12.55
Soybean,Kharif,9.5,147.0,25.6,156.8,48.6,89.1,6.69,179.9,2.3,21.85
Soybean,Zaid,4.0,255.9,28.5,139.3,71.6,89.1,6.17,86.2,1.54,6.16
Soybean,Rabi,13.7,162.4,23.0,59.7,61.0,41.9,7.96,184.2,2.32,31.81
Soybean,Kharif,14.0,207.0,35.9,115.2,62.6,23.9,7.21,202.9,2.18,30.49
Soybean,Rabi,13.2,117.2,20.2,118.2,30.6,62.7,6.21,96.2,2.14,28.27
Soybean,Zaid,2.4,174.4,25.7,85.6,58.7,29.2,7.43,246.1,2.45,5.87
Soybean,Rabi,10.8,204.4,28.3,65.1,46.0,44.0,8.07,98.5,1.85,19.94
Soybean,Kharif,11.0,188.8,20.0,170.5,47.1,71.4,6.85,170.9,2.37,26.03
Soybean,Zaid,10.3,246.2,35.7,92.5,30.2,79.7,6.36,169.6,1.74,17.89
Soybean,Zaid,4.3,62.9,35.9,143.1,25.2,21.4,7.44,137.8,1.84,7.92
Soybean,Rabi,10.6,214.6,28.9,97.9,42.4,59.5,5.67,225.2,2.37,25.14
Soybean,Zaid,14.0,207.2,32.2,64.0,32.7,57.2,5.98,177.0,2.01,28.14
Soybean,Kharif,12.1,252.0,26.3,65.3,58.8,89.5,7.18,57.2,1.69,20.46
Soybean,Zaid,11.3,242.6,22.2,166.5,25.8,37.8,7.29,184.7,1.87,21.13
Soybean,Zaid,6.8,207.8,24.9,87.6,58.1,61.4,6.29,79.9,2.15,14.61
Soybean,Zaid,13.1,261.5,23.6,110.8,59.0,42.5,5.61,149.1,1.7,22.25
Soybean,Rabi,9.3,271.0,34.4,174.2,66.4,83.4,6.13,89.5,1.64,15.3
Soybean,Kharif,3.6,209.2,31.4,169.9,58.8,87.9,6.43,120.0,2.03,7.3
Banana,Kharif,6.2,91.8,18.2,127.0,44.4,42.0,8.16,143.2,41.13,254.99
Banana,Zaid,2.7,70.0,31.6,41.3,77.5,56.1,8.15,61.6,34.9,94.22
Banana,Kharif,4.8,74.4,32.3,155.5,22.0,45.1,7.52,239.3,39.09,187.64
Banana,Kharif,7.0,64.2,28.6,145.9,44.8,49.4,5.74,90.4,37.94,265.56
Banana,Rabi,11.7,278.8,22.3,100.1,27.3,52.0,5.86,154.7,28.93,338.45
Banana,Rabi,6.0,209.6,28.6,59.1,70.7,53.3,5.94,74.6,39.24,235.42
Banana,Zaid,14.6,61.4,35.1,121.5,67.7,50.1,6.73,225.9,34.55,504.36
Banana,Rabi,4.7,197.6,20.7,74.5,37.6,62.6,6.51,151.2,43.79,205.8
Banana,Zaid,14.5,202.8,31.1,88.3,60.2,38.0,6.16,192.9,42.78,620.33
Banana,Kharif,1.9,184.3,33.2,96.9,67.0,78.5,6.73,168.2,45.95,87.31
Banana,Kharif,10.3,223.9,30.7,135.6,43.6,47.6,6.19,81.4,35.01,360.6
Banana,Kharif,2.0,161.9,21.0,88.5,69.2,46.9,7.15,150.4,45.94,91.88
Banana,Kharif,2.0,297.1,30.1,145.5,34.7,67.2,5.62,217.6,28.49,56.99
Banana,Rabi,13.0,268.7,28.5,113.4,69.0,72.5,6.58,66.5,28.76,373.89
Banana,Zaid,6.3,253.9,21.2,51.5,39.7,49.7,6.97,124.5,32.59,205.32
Banana,Rabi,1.0,144.9,31.3,61.0,50.3,34.9,5.7,173.5,51.33,51.33
Banana,Rabi,6.5,129.1,19.7,100.6,40.3,28.6,6.3,227.3,52.38,340.5
Banana,Rabi,7.4,65.7,34.3,116.3,75.5,60.1,5.69,160.6,38.13,282.17
Banana,Rabi,7.2,206.3,26.8,162.2,52.8,53.7,8.0,193.9,40.18,289.31
Banana,Kharif,6.7,290.5,27.4,117.4,76.5,84.5,7.89,69.6,26.83,179.78
Banana,Rabi,5.4,90.2,25.4,132.6,58.0,46.8,7.16,212.7,39.54,213.51
Banana,Zaid,5.6,296.3,24.6,113.7,70.9,56.9,6.38,154.8,29.65,166.04
Banana,Rabi,6.4,88.9,35.3,172.6,40.2,64.8,6.94,213.1,43.96,281.34
Banana,Kharif,2.5,50.4,26.1,61.8,64.3,84.4,5.61,129.1,34.95,87.39
Banana,Kharif,5.5,95.7,34.1,144.2,26.3,88.7,7.47,220.1,39.93,219.62
Banana,Zaid,12.6,51.6,22.0,124.7,25.8,52.6,6.68,220.5,39.11,492.76
Banana,Zaid,6.1,145.0,32.5,131.4,46.2,65.6,5.64,86.1,42.43,258.85
Banana,Zaid,1.8,61.2,21.7,72.6,44.9,35.0,7.2,92.3,38.25,68.86
Banana,Kharif,7.6,272.2,26.4,97.9,54.7,38.0,6.45,92.8,34.52,262.38
Banana,Rabi,4.6,244.9,22.6,61.0,41.0,61.8,5.88,179.6,40.8,187.67
Banana,Kharif,8.9,117.9,20.6,124.9,49.4,26.7,6.57,153.0,45.29,403.09
Banana,Kharif,13.0,228.9,34.3,63.4,48.6,63.4,7.11,222.2,40.35,524.52
Banana,Kharif,4.5,272.9,34.9,119.7,50.1,62.4,7.16,84.1,28.45,128.02
Banana,Zaid,3.2,206.9,34.2,140.6,40.9,61.1,6.34,249.8,46.66,149.32
Banana,Zaid,8.2,253.3,27.0,173.9,65.2,32.0,7.74,160.3,35.3,289.49
Banana,Zaid,4.4,124.3,28.4,116.3,49.5,70.2,6.35,206.4,48.82,214.8
Banana,Kharif,12.0,216.0,30.3,107.4,60.0,25.6,7.8,61.1,33.55,402.61
Banana,Rabi,9.5,230.7,24.7,122.0,50.1,33.7,7.47,210.3,40.76,387.18
Banana,Rabi,13.8,288.9,34.7,76.7,33.9,40.8,6.69,112.8,32.06,442.39
Banana,Kharif,13.9,95.8,32.5,106.7,68.0,55.4,6.52,189.3,39.91,554.71
Banana,Zaid,5.5,165.2,22.1,65.7,66.7,34.0,7.64,135.8,46.07,253.37
Banana,Zaid,13.7,104.6,27.4,157.9,26.7,75.6,5.99,211.6,45.36,621.42
Banana,Zaid,6.2,236.2,26.8,61.5,34.6,88.1,5.91,195.2,39.67,245.94
Banana,Zaid,12.2,103.9,27.5,73.7,65.6,59.5,7.81,228.9,42.39,517.11
Banana,Zaid,2.3,292.6,35.6,58.2,26.2,48.9,8.1,130.1,28.64,65.88
Banana,Kharif,8.0,173.6,28.6,90.8,56.8,81.5,8.08,166.7,45.82,366.58
Banana,Kharif,7.3,73.7,28.8,79.3,37.2,25.4,6.34,151.3,41.32,301.65
Banana,Kharif,12.1,270.7,35.4,101.5,77.0,70.6,5.69,186.4,36.13,437.15
Banana,Kharif,12.6,239.3,27.3,130.7,44.4,57.1,6.87,191.8,39.22,494.16
Banana,Zaid,3.9,80.2,27.2,51.1,55.2,22.2,5.79,160.0,36.6,142.74
Banana,Kharif,4.9,274.7,31.9,162.0,32.8,61.7,5.75,90.5,32.25,158.02
Banana,Kharif,11.4,208.4,30.2,152.9,59.7,42.9,6.52,229.4,44.88,511.63
Banana,Rabi,7.4,223.6,33.0,99.0,73.5,28.3,7.41,119.6,33.71,249.48
Banana,Zaid,4.8,157.9,24.8,128.7,68.8,40.8,6.08,183.4,47.38,227.44
Banana,Kharif,4.8,191.7,32.5,118.5,76.2,76.7,5.92,127.8,42.5,204.0
Banana,Rabi,12.4,235.9,28.6,115.5,45.6,88.1,7.01,100.8,32.09,397.94
Banana,Rabi,9.6,180.7,18.1,156.2,62.2,66.3,5.69,122.4,42.81,410.94
Banana,Zaid,6.1,196.5,23.1,176.9,35.8,52.9,7.87,66.0,40.32,245.96
Banana,Kharif,9.0,58.0,34.3,45.5,50.9,23.4,5.69,227.4,37.26,335.37
Banana,Rabi,11.3,231.8,25.7,169.5,30.0,38.7,5.67,209.1,41.56,469.66
Banana,Rabi,3.3,121.0,31.4,106.9,42.5,45.8,6.03,139.5,48.79,161.0
Banana,Kharif,1.5,141.3,26.6,66.1,27.2,80.9,8.04,65.8,44.08,66.12
Banana,Rabi,9.8,246.2,33.8,140.0,51.5,39.1,7.81,146.1,40.01,392.1
Banana,Kharif,11.4,215.5,32.9,136.0,52.0,36.6,7.51,144.7,41.6,474.28
Banana,Zaid,1.9,77.0,27.1,113.8,22.4,77.8,6.84,119.3,41.27,78.41
Banana,Kharif,6.0,288.5,33.3,81.2,20.5,40.8,6.26,228.0,35.24,211.44
Banana,Rabi,4.4,269.3,19.9,44.5,25.3,79.2,7.26,241.5,37.26,163.94
Banana,Zaid,10.5,272.3,26.1,165.1,71.9,50.7,6.53,236.6,35.28,370.46
Banana,Zaid,14.0,249.2,29.0,56.2,37.5,87.8,6.36,68.7,31.48,440.67
Banana,Rabi,5.2,167.2,18.4,150.5,39.0,79.8,7.67,182.3,50.01,260.03
Banana,Rabi,8.6,258.7,23.4,156.6,67.1,21.5,6.15,158.6,35.59,306.1
Banana,Kharif,8.1,180.8,21.9,140.6,25.1,60.1,7.04,232.8,48.64,393.98
Banana,Kharif,5.0,211.8,20.9,170.2,53.3,54.4,6.67,163.3,41.7,208.49
Banana,Kharif,2.1,106.1,30.1,165.3,22.0,76.9,7.02,159.2,44.11,92.63
Banana,Kharif,4.3,113.5,18.0,49.3,22.7,77.6,7.76,195.3,46.03,197.91
Banana,Rabi,5.3,159.3,19.2,172.3,57.1,71.2,7.33,183.5,51.82,274.66
Banana,Rabi,8.4,255.4,18.8,173.9,45.4,40.3,6.94,210.2,37.43,314.43
Banana,Zaid,9.8,84.5,18.7,59.2,37.2,37.7,7.16,141.2,45.64,447.3
Banana,Kharif,1.5,72.6,24.4,40.9,49.6,45.2,7.0,194.2,39.86,59.79
Banana,Zaid,8.6,118.9,22.0,113.8,30.2,76.0,6.81,164.8,43.94,377.84
Banana,Kharif,5.5,152.5,32.5,147.8,33.4,63.1,6.16,247.6,51.44,282.92
Banana,Zaid,5.1,62.6,32.9,166.9,26.7,50.8,8.02,79.0,35.69,182.04
Banana,Zaid,11.3,108.5,24.7,60.6,50.3,51.9,8.19,172.2,40.95,462.73
Banana,Rabi,2.4,232.2,21.3,49.8,45.6,22.8,8.11,175.5,37.67,90.4
Banana,Rabi,3.4,192.5,24.4,148.4,52.7,50.3,8.1,128.1,37.92,128.92
Banana,Kharif,11.7,258.1,35.6,129.9,47.7,41.4,6.1,92.6,31.73,371.22
Banana,Kharif,14.9,50.2,21.5,66.4,63.0,44.7,6.73,79.7,30.07,448.03
Banana,Kharif,1.4,271.4,33.9,69.3,29.8,58.3,7.2,241.5,34.57,48.4
Banana,Zaid,8.2,167.0,31.3,156.6,65.0,30.1,7.18,66.1,42.48,348.3
Banana,Rabi,4.3,115.7,22.3,67.2,70.5,31.9,7.02,65.5,43.55,187.24
Banana,Zaid,12.2,181.4,19.6,121.6,56.7,71.0,7.56,204.2,47.68,581.71
Banana,Zaid,8.4,113.2,20.8,68.9,44.0,71.8,6.19,189.7,49.61,416.76
Banana,Kharif,13.4,108.2,26.1,53.5,40.1,55.5,7.48,89.6,43.03,576.58
Banana,Zaid,6.4,237.9,25.0,165.8,30.6,40.5,6.99,113.8,38.47,246.24
Banana,Kharif,12.8,196.6,24.7,51.2,41.7,32.7,8.09,193.0,40.49,518.21
Banana,Rabi,6.5,248.4,23.8,110.3,57.4,36.3,7.44,159.4,33.45,217.45
Banana,Rabi,9.6,109.9,26.4,68.0,53.5,38.6,5.6,213.1,44.82,430.25
Banana,Kharif,8.7,65.5,19.6,156.1,23.6,31.9,7.65,50.2,38.68,336.51
Banana,Zaid,6.5,229.4,34.9,131.2,44.8,59.7,6.97,167.0,38.75,251.86
Banana,Zaid,6.4,50.9,29.0,44.2,50.2,76.3,6.98,103.9,37.04,237.07
Banana,Kharif,4.8,233.3,29.0,63.8,74.3,34.0,8.17,51.5,36.93,177.28
Banana,Rabi,10.7,103.6,30.4,123.5,42.0,50.6,7.03,148.7,46.32,495.64
Banana,Zaid,11.9,230.2,29.8,61.7,36.1,47.5,6.26,95.6,39.12,465.51
Banana,Rabi,4.2,279.5,21.4,151.3,78.0,70.9,8.18,180.2,38.44,161.44
Banana,Kharif,4.5,142.2,32.8,56.1,70.1,64.8,6.42,73.6,46.58,209.6
Banana,Kharif,4.1,175.2,24.3,148.1,57.3,53.3,7.6,97.0,45.22,185.42
Banana,Rabi,9.2,59.7,26.9,60.8,49.2,29.9,6.68,72.1,35.69,328.33
Banana,Kharif,7.3,221.8,27.7,109.8,23.9,30.1,7.88,132.0,39.17,285.97
Banana,Rabi,6.3,147.0,28.0,59.8,43.2,51.3,8.16,120.3,45.3,285.38
Banana,Rabi,14.7,142.8,18.4,60.7,21.6,89.3,6.25,234.7,48.72,716.23
Banana,Kharif,4.9,265.6,35.7,75.6,68.4,72.5,7.52,241.4,38.66,189.43
Banana,Kharif,3.1,107.4,19.9,59.5,50.8,42.5,6.64,246.5,47.55,147.42
Banana,Rabi,8.4,154.4,32.3,116.0,76.2,33.7,8.17,109.6,45.06,378.51
Banana,Kharif,9.7,66.9,26.4,125.3,45.3,21.3,8.16,123.4,36.03,349.48
Banana,Kharif,2.4,128.1,33.9,113.1,28.1,34.2,6.34,168.0,47.07,112.96
Banana,Rabi,13.5,225.0,20.7,161.5,38.1,51.8,6.92,220.1,38.93,525.59
Banana,Zaid,14.0,52.0,34.6,47.6,35.9,56.0,6.8,170.9,40.46,566.43
Banana,Kharif,13.3,262.4,32.6,65.6,55.6,60.8,6.93,146.2,34.81,463.02
Banana,Zaid,2.4,275.6,29.3,76.7,36.8,62.7,6.6,138.3,32.7,78.49
Banana,Kharif,8.9,199.0,25.4,157.4,31.1,58.8,7.45,230.8,47.25,420.55
Banana,Zaid,13.7,247.3,30.8,72.9,58.0,65.0,6.6,148.6,37.26,510.43
Banana,Kharif,11.9,190.5,35.9,103.8,62.8,75.5,6.83,221.4,40.51,482.11
Banana,Rabi,6.2,219.0,27.5,93.5,47.0,20.9,7.58,58.2,37.06,229.79
Banana,Rabi,9.6,188.4,19.6,142.1,56.1,66.3,7.93,206.8,46.75,448.83
Banana,Rabi,13.7,274.4,19.0,125.3,27.5,25.5,6.71,69.5,31.27,428.44
Banana,Zaid,8.0,142.2,19.9,142.5,39.3,38.6,7.26,161.8,47.24,377.9
Banana,Kharif,14.3,268.0,22.5,160.1,49.9,61.6,7.77,55.9,32.43,463.69
Banana,Zaid,5.6,214.5,20.2,111.0,21.1,47.4,5.7,145.0,41.76,233.83
Banana,Rabi,7.2,61.3,24.5,145.9,42.1,70.1,6.5,134.6,38.39,276.39
Banana,Zaid,12.5,112.4,34.8,169.8,32.0,38.5,7.39,240.3,43.86,548.26
Banana,Rabi,9.9,268.5,31.4,109.6,47.7,64.8,6.73,141.6,33.63,332.91
Banana,Zaid,12.5,119.7,27.4,88.3,26.3,87.1,7.81,65.7,38.1,476.28
Banana,Rabi,5.9,298.7,23.4,73.4,54.1,78.5,6.02,191.9,31.04,183.12
Banana,Kharif,1.6,99.8,34.3,53.5,71.4,32.4,7.83,157.6,40.75,65.19
Banana,Kharif,8.4,178.6,28.3,42.6,62.7,69.9,5.81,164.0,43.95,369.21
Banana,Zaid,9.8,120.2,27.1,148.3,62.3,28.3,7.1,243.8,48.98,480.01
Banana,Zaid,8.1,95.7,20.2,48.4,21.1,81.5,7.68,163.6,42.57,344.85
Banana,Zaid,7.5,88.0,27.3,62.1,43.9,86.0,6.42,80.6,39.33,295.0
Banana,Zaid,1.2,270.0,19.8,59.7,64.1,80.5,6.95,107.8,33.6,40.32
Banana,Rabi,4.7,73.8,20.5,151.0,46.1,29.2,6.42,152.8,39.93,187.69
Banana,Zaid,3.0,185.4,29.1,107.2,55.9,32.6,6.79,181.6,49.9,149.7
Banana,Rabi,9.0,250.6,29.3,150.3,61.8,33.5,5.64,230.7,38.89,350.04
Banana,Zaid,14.8,115.9,20.3,91.8,64.3,40.6,7.05,133.1,37.22,550.84
Banana,Zaid,6.2,206.7,18.2,146.9,64.4,78.1,7.77,163.3,40.85,253.25
Banana,Kharif,7.9,287.9,21.4,168.2,35.5,27.2,6.69,173.0,35.65,281.63
Banana,Rabi,4.6,195.1,24.1,114.2,60.0,44.5,8.19,162.8,43.94,202.13
Banana,Rabi,11.2,263.2,21.1,71.2,49.2,79.7,6.03,244.2,36.51,408.86
Banana,Kharif,9.2,279.4,22.6,117.4,30.5,64.2,5.83,148.3,31.69,291.52
Banana,Kharif,7.4,102.1,30.7,79.8,36.0,81.5,5.94,62.9,35.0,259.0
Banana,Zaid,1.4,162.5,29.7,154.2,36.0,56.0,7.29,160.3,44.88,62.83
